{
	"credit": "Made by quangei",
	"textures": {
		"0": "textures/axolotl.png"
	},
	"elements": [
		{
			"from": [7.7, 0.9, -2.9],
			"to": [10.7, 0.91, 2.1],
			"rotation": {"angle": -22.5, "axis": "x", "origin": [9.2, 0.905, -0.4]},
			"faces": {
				"up": {"uv": [0.5, 3.25, 1.25, 4.5], "rotation": 180, "texture": "#0"},
				"down": {"uv": [1.25, 3.25, 2, 4.5], "texture": "#0"}
			}
		},
		{
			"from": [13.63358, 2.23939, 5.3],
			"to": [18.63358, 2.24939, 8.3],
			"rotation": {"angle": -22.5, "axis": "z", "origin": [12.9, 0.905, 10.4]},
			"faces": {
				"up": {"uv": [0.5, 4.5, 1.25, 3.25], "rotation": 90, "texture": "#0"},
				"down": {"uv": [1.25, 4.5, 2, 3.25], "rotation": 90, "texture": "#0"}
			}
		},
		{
			"from": [-0.5, 0.9, 5.1],
			"to": [4.5, 0.91, 8.1],
			"rotation": {"angle": 22.5, "axis": "z", "origin": [2, 0.905, 6.6]},
			"faces": {
				"up": {"uv": [0.5, 3.25, 1.25, 4.5], "rotation": 90, "texture": "#0"},
				"down": {"uv": [1.25, 3.25, 2, 4.5], "rotation": 90, "texture": "#0"}
			}
		},
		{
			"from": [7.9, 2.27766, 11.22597],
			"to": [10.9, 2.28766, 16.22597],
			"rotation": {"angle": 22.5, "axis": "x", "origin": [12.9, 0.905, 10.4]},
			"faces": {
				"up": {"uv": [1.25, 3.25, 0.5, 4.5], "texture": "#0"},
				"down": {"uv": [2, 3.25, 1.25, 4.5], "rotation": 180, "texture": "#0"}
			}
		},
		{
			"from": [-0.5, 0.9, 5.1],
			"to": [4.5, 0.91, 8.1],
			"rotation": {"angle": 22.5, "axis": "z", "origin": [2, 0.905, 6.6]},
			"faces": {
				"up": {"uv": [0.5, 3.25, 1.25, 4.5], "rotation": 90, "texture": "#0"},
				"down": {"uv": [1.25, 3.25, 2, 4.5], "rotation": 90, "texture": "#0"}
			}
		},
		{
			"from": [3, 1, 2],
			"to": [6, 8, 2.01],
			"rotation": {"angle": -45, "axis": "y", "origin": [10.00143, 4.28571, 6.00214]},
			"faces": {
				"north": {"uv": [2.75, 10, 3.5, 11.75], "texture": "#0"},
				"south": {"uv": [3.5, 10, 2.75, 11.75], "texture": "#0"}
			}
		},
		{
			"from": [14, 1, 2],
			"to": [17, 8, 2.01],
			"rotation": {"angle": -45, "axis": "y", "origin": [10.00143, 4.28571, 6.00214]},
			"faces": {
				"north": {"uv": [0, 10, 0.75, 11.75], "texture": "#0"},
				"south": {"uv": [0.75, 10, 0, 11.75], "texture": "#0"}
			}
		},
		{
			"from": [10, 1, 13],
			"to": [10.01, 6, 25],
			"rotation": {"angle": -45, "axis": "y", "origin": [10.00143, 4.28571, 6.00214]},
			"faces": {
				"east": {"uv": [0.5, 7.75, 3.5, 9], "texture": "#0"},
				"west": {"uv": [3.5, 7.75, 0.5, 9], "texture": "#0"}
			}
		},
		{
			"from": [10, 1, 4],
			"to": [10.01, 6, 13],
			"rotation": {"angle": -45, "axis": "y", "origin": [10.00143, 4.28571, 6.00214]},
			"faces": {
				"east": {"uv": [0.5, 6.5, 2.75, 7.75], "texture": "#0"},
				"west": {"uv": [2.75, 6.5, 0.5, 7.75], "texture": "#0"}
			}
		},
		{
			"from": [6, 1, 3],
			"to": [14, 5, 13],
			"rotation": {"angle": -45, "axis": "y", "origin": [10.00143, 4.28571, 6.00214]},
			"faces": {
				"north": {"uv": [2.5, 5.25, 4.5, 6.25], "texture": "#0"},
				"east": {"uv": [0, 5.25, 2.5, 6.25], "texture": "#0"},
				"south": {"uv": [7, 5.25, 9, 6.25], "texture": "#0"},
				"west": {"uv": [4.5, 5.25, 7, 6.25], "texture": "#0"},
				"up": {"uv": [4.5, 5.25, 2.5, 2.75], "texture": "#0"},
				"down": {"uv": [6.5, 2.75, 4.5, 5.25], "texture": "#0"}
			}
		},
		{
			"from": [6, 1, -2],
			"to": [14, 6, 3],
			"rotation": {"angle": -45, "axis": "y", "origin": [10.00143, 4.28571, 6.00214]},
			"faces": {
				"north": {"uv": [1.25, 1.5, 3.25, 2.75], "texture": "#0"},
				"east": {"uv": [0, 1.5, 1.25, 2.75], "texture": "#0"},
				"south": {"uv": [4.5, 1.5, 6.5, 2.75], "texture": "#0"},
				"west": {"uv": [3.25, 1.5, 4.5, 2.75], "texture": "#0"},
				"up": {"uv": [3.25, 1.5, 1.25, 0.25], "texture": "#0"},
				"down": {"uv": [5.25, 0.25, 3.25, 1.5], "texture": "#0"}
			}
		},
		{
			"from": [6, 6, 2],
			"to": [14, 9, 2.01],
			"rotation": {"angle": -45, "axis": "y", "origin": [10.00143, 4.28571, 6.00214]},
			"faces": {
				"north": {"uv": [0.75, 9.25, 2.75, 10], "texture": "#0"},
				"south": {"uv": [2.75, 9.25, 0.75, 10], "texture": "#0"}
			}
		}
	],
	"display": {
		"thirdperson_righthand": {
			"rotation": [125, 66, -71],
			"translation": [1.1, 0.5, 0.5],
			"scale": [0.25, 0.25, 0.25]
		},
		"thirdperson_lefthand": {
			"rotation": [50, 2, -31],
			"translation": [1, 0.75, 0.5],
			"scale": [0.25, 0.25, 0.25]
		},
		"firstperson_righthand": {
			"rotation": [-5, 160, -5],
			"translation": [1, 5.5, 0.25],
			"scale": [0.4, 0.4, 0.4]
		},
		"firstperson_lefthand": {
			"rotation": [3, 69, 2],
			"translation": [2.25, 5.5, 0.25],
			"scale": [0.4, 0.4, 0.4]
		},
		"ground": {
			"translation": [0, 1.5, 0],
			"scale": [0.4, 0.4, 0.4]
		},
		"gui": {
			"rotation": [22, -171, -1],
			"translation": [0.25, 3.75, 0.5],
			"scale": [0.8, 0.8, 0.8]
		},
		"head": {
			"rotation": [0, 45, 0],
			"translation": [0, 10.5, 0],
			"scale": [0.5, 0.5, 0.5]
		},
		"fixed": {
			"rotation": [-90, 45, 0],
			"translation": [0, 2.75, -8]
		}
	}
}