{
	"credit": "Made by quangei",
	"textures": {
		"1": "textures/guardian_elder.png"
	},
	"elements": [
		{
			"name": "head",
			"from": [2, 2, -15],
			"to": [14, 14, 1],
			"shade": false,
			"rotation": {"angle": 0, "axis": "y", "origin": [0, 8, 1]},
			"faces": {
				"north": {"uv": [4, 4, 7, 7], "texture": "#1"},
				"east": {"uv": [0, 4, 4, 7], "texture": "#1"},
				"south": {"uv": [11, 4, 14, 7], "texture": "#1"},
				"west": {"uv": [7, 4, 11, 7], "texture": "#1"},
				"up": {"uv": [7, 4, 4, 0], "texture": "#1"},
				"down": {"uv": [10, 0, 7, 4], "texture": "#1"}
			}
		},
		{
			"name": "head",
			"from": [0, 2, -13],
			"to": [2, 14, -1],
			"shade": false,
			"rotation": {"angle": 0, "axis": "y", "origin": [16, 8, 1]},
			"faces": {
				"north": {"uv": [3.5, 10, 3, 13], "texture": "#1"},
				"east": {"uv": [6.5, 10, 3.5, 13], "texture": "#1"},
				"south": {"uv": [7, 10, 6.5, 13], "texture": "#1"},
				"west": {"uv": [3, 10, 0, 13], "texture": "#1"},
				"up": {"uv": [3, 10, 3.5, 7], "texture": "#1"},
				"down": {"uv": [3.5, 7, 4, 10], "texture": "#1"}
			}
		},
		{
			"name": "head",
			"from": [14, 2, -13],
			"to": [16, 14, -1],
			"rotation": {"angle": 0, "axis": "y", "origin": [16, 8, 1]},
			"faces": {
				"north": {"uv": [3, 10, 3.5, 13], "texture": "#1"},
				"east": {"uv": [0, 10, 3, 13], "texture": "#1"},
				"south": {"uv": [6.5, 10, 7, 13], "texture": "#1"},
				"west": {"uv": [3.5, 10, 6.5, 13], "texture": "#1"},
				"up": {"uv": [3.5, 10, 3, 7], "texture": "#1"},
				"down": {"uv": [4, 7, 3.5, 10], "texture": "#1"}
			}
		},
		{
			"name": "head",
			"from": [2, 14, -13],
			"to": [14, 16, -1],
			"rotation": {"angle": 0, "axis": "y", "origin": [16, 8, 1]},
			"faces": {
				"north": {"uv": [7, 13, 10, 13.5], "texture": "#1"},
				"east": {"uv": [4, 13, 7, 13.5], "texture": "#1"},
				"south": {"uv": [13, 13, 16, 13.5], "texture": "#1"},
				"west": {"uv": [10, 13, 13, 13.5], "texture": "#1"},
				"up": {"uv": [10, 13, 7, 10], "texture": "#1"},
				"down": {"uv": [13, 10, 10, 13], "texture": "#1"}
			}
		},
		{
			"name": "head",
			"from": [2, 0, -13],
			"to": [14, 2, -1],
			"rotation": {"angle": 0, "axis": "y", "origin": [16, 8, 1]},
			"faces": {
				"north": {"uv": [7, 13, 10, 13.5], "texture": "#1"},
				"east": {"uv": [4, 13, 7, 13.5], "texture": "#1"},
				"south": {"uv": [13, 13, 16, 13.5], "texture": "#1"},
				"west": {"uv": [10, 13, 13, 13.5], "texture": "#1"},
				"up": {"uv": [10, 13, 7, 10], "texture": "#1"},
				"down": {"uv": [13, 10, 10, 13], "texture": "#1"}
			}
		},
		{
			"name": "eye",
			"from": [7, 7, -15.3],
			"to": [9, 9, -14.3],
			"shade": false,
			"rotation": {"angle": 0, "axis": "y", "origin": [16, 8, -8]},
			"faces": {
				"north": {"uv": [2.75, 0.25, 2.25, 0.75], "texture": "#1"},
				"east": {"uv": [3, 0.25, 2.75, 0.75], "texture": "#1"},
				"south": {"uv": [3.5, 0.25, 3, 0.75], "texture": "#1"},
				"west": {"uv": [2.25, 0.25, 2, 0.75], "texture": "#1"},
				"up": {"uv": [2.25, 0.25, 2.75, 0], "texture": "#1"},
				"down": {"uv": [2.75, 0, 3.25, 0.25], "texture": "#1"}
			}
		},
		{
			"name": "tailpart0",
			"from": [6, 6, 0],
			"to": [10, 10, 8],
			"shade": false,
			"rotation": {"angle": 0, "axis": "y", "origin": [0, 8, 1]},
			"faces": {
				"north": {"uv": [12, 2, 13, 3], "texture": "#1"},
				"east": {"uv": [10, 2, 12, 3], "texture": "#1"},
				"south": {"uv": [15, 2, 16, 3], "texture": "#1"},
				"west": {"uv": [13, 2, 15, 3], "texture": "#1"},
				"up": {"uv": [13, 2, 12, 0], "texture": "#1"},
				"down": {"uv": [14, 0, 13, 2], "texture": "#1"}
			}
		},
		{
			"name": "tailpart1",
			"from": [6.5, 6.5, 8],
			"to": [9.5, 9.5, 15],
			"shade": false,
			"rotation": {"angle": 0, "axis": "y", "origin": [2, 8, 16]},
			"faces": {
				"north": {"uv": [1.75, 15.25, 2.5, 16], "texture": "#1"},
				"east": {"uv": [0, 15.25, 1.75, 16], "texture": "#1"},
				"south": {"uv": [4.25, 15.25, 5, 16], "texture": "#1"},
				"west": {"uv": [2.5, 15.25, 4.25, 16], "texture": "#1"},
				"up": {"uv": [2.5, 15.25, 1.75, 13.5], "texture": "#1"},
				"down": {"uv": [3.25, 13.5, 2.5, 15.25], "texture": "#1"}
			}
		},
		{
			"name": "tailpart2",
			"from": [7, 7, 15],
			"to": [9, 9, 21],
			"shade": false,
			"rotation": {"angle": 0, "axis": "y", "origin": [1, 7, 23]},
			"faces": {
				"north": {"uv": [11.75, 9.5, 12.25, 10], "texture": "#1"},
				"east": {"uv": [10.25, 9.5, 11.75, 10], "texture": "#1"},
				"south": {"uv": [13.75, 9.5, 14.25, 10], "texture": "#1"},
				"west": {"uv": [12.25, 9.5, 13.75, 10], "texture": "#1"},
				"up": {"uv": [12.25, 9.5, 11.75, 8], "texture": "#1"},
				"down": {"uv": [12.75, 8, 12.25, 9.5], "texture": "#1"}
			}
		},
		{
			"name": "tailpart2",
			"from": [8, 3.5, 18],
			"to": [8.01, 12.5, 27],
			"shade": false,
			"rotation": {"angle": 0, "axis": "y", "origin": [15, 7, 23]},
			"faces": {
				"north": {"uv": [8.75, 7, 8.5, 9.25], "texture": "#1"},
				"east": {"uv": [6.25, 7, 8.5, 9.25], "texture": "#1"},
				"south": {"uv": [11.25, 7, 11, 9.25], "texture": "#1"},
				"west": {"uv": [8.5, 7, 6.25, 9.25], "texture": "#1"},
				"up": {"uv": [8.5, 7, 8.75, 4.75], "texture": "#1"},
				"down": {"uv": [8.75, 4.75, 9, 7], "texture": "#1"}
			}
		},
		{
			"name": "spikepart4",
			"from": [7.4, 22.5, -8],
			"to": [9.4, 31.5, -6],
			"shade": false,
			"rotation": {"angle": 45, "axis": "z", "origin": [16.4, 11, 1]},
			"faces": {
				"north": {"uv": [0.5, 0.5, 1, 2.75], "texture": "#1"},
				"east": {"uv": [0, 0.5, 0.5, 2.75], "texture": "#1"},
				"south": {"uv": [1.5, 0.5, 2, 2.75], "texture": "#1"},
				"west": {"uv": [1, 0.5, 1.5, 2.75], "texture": "#1"},
				"up": {"uv": [0.5, 0.5, 1, 0], "texture": "#1"},
				"down": {"uv": [1, 0, 1.5, 0.5], "texture": "#1"}
			}
		},
		{
			"name": "spikepart5",
			"from": [6.6, 22.5, -8],
			"to": [8.6, 31.5, -6],
			"shade": false,
			"rotation": {"angle": -45, "axis": "z", "origin": [-0.4, 11, 1]},
			"faces": {
				"north": {"uv": [0.5, 0.5, 1, 2.75], "texture": "#1"},
				"east": {"uv": [0, 0.5, 0.5, 2.75], "texture": "#1"},
				"south": {"uv": [1.5, 0.5, 2, 2.75], "texture": "#1"},
				"west": {"uv": [1, 0.5, 1.5, 2.75], "texture": "#1"},
				"up": {"uv": [1, 0.5, 0.5, 0], "texture": "#1"},
				"down": {"uv": [1.5, 0, 1, 0.5], "texture": "#1"}
			}
		},
		{
			"name": "spikepart5",
			"from": [7.4, -15.5, -8],
			"to": [9.4, -6.5, -6],
			"shade": false,
			"rotation": {"angle": -45, "axis": "z", "origin": [16.4, 5, 1]},
			"faces": {
				"north": {"uv": [1, 2.75, 0.5, 0.5], "texture": "#1"},
				"east": {"uv": [1.5, 2.75, 1, 0.5], "texture": "#1"},
				"south": {"uv": [2, 2.75, 1.5, 0.5], "texture": "#1"},
				"west": {"uv": [0.5, 2.75, 0, 0.5], "texture": "#1"},
				"up": {"uv": [1, 0.5, 1.5, 0], "texture": "#1"},
				"down": {"uv": [0.5, 0, 1, 0.5], "texture": "#1"}
			}
		},
		{
			"name": "spikepart6",
			"from": [6.6, -15.5, -8],
			"to": [8.6, -6.5, -6],
			"shade": false,
			"rotation": {"angle": 45, "axis": "z", "origin": [-0.4, 5, 1]},
			"faces": {
				"north": {"uv": [1, 2.75, 0.5, 0.5], "texture": "#1"},
				"east": {"uv": [1.5, 2.75, 1, 0.5], "texture": "#1"},
				"south": {"uv": [2, 2.75, 1.5, 0.5], "texture": "#1"},
				"west": {"uv": [0.5, 2.75, 0, 0.5], "texture": "#1"},
				"up": {"uv": [1.5, 0.5, 1, 0], "texture": "#1"},
				"down": {"uv": [1, 0, 0.5, 0.5], "texture": "#1"}
			}
		},
		{
			"name": "spikepart6",
			"from": [7, 22.5, -7.6],
			"to": [9, 31.5, -5.6],
			"shade": false,
			"rotation": {"angle": -45, "axis": "x", "origin": [16, 11, 1.4]},
			"faces": {
				"north": {"uv": [0.5, 0.5, 1, 2.75], "texture": "#1"},
				"east": {"uv": [0, 0.5, 0.5, 2.75], "texture": "#1"},
				"south": {"uv": [1.5, 0.5, 2, 2.75], "texture": "#1"},
				"west": {"uv": [1, 0.5, 1.5, 2.75], "texture": "#1"},
				"up": {"uv": [0.5, 0.5, 1, 0], "texture": "#1"},
				"down": {"uv": [1, 0, 1.5, 0.5], "texture": "#1"}
			}
		},
		{
			"name": "spikepart7",
			"from": [7, -15.5, -7.6],
			"to": [9, -6.5, -5.6],
			"shade": false,
			"rotation": {"angle": 45, "axis": "x", "origin": [16, 5, 1.4]},
			"faces": {
				"north": {"uv": [2, 2.75, 1.5, 0.5], "texture": "#1"},
				"east": {"uv": [0.5, 2.75, 0, 0.5], "texture": "#1"},
				"south": {"uv": [1, 2.75, 0.5, 0.5], "texture": "#1"},
				"west": {"uv": [1.5, 2.75, 1, 0.5], "texture": "#1"},
				"up": {"uv": [1, 0.5, 1.5, 0], "texture": "#1"},
				"down": {"uv": [0.5, 0, 1, 0.5], "texture": "#1"}
			}
		},
		{
			"name": "spikepart7",
			"from": [7, 22.5, -8.4],
			"to": [9, 31.5, -6.4],
			"shade": false,
			"rotation": {"angle": 45, "axis": "x", "origin": [16, 11, -15.4]},
			"faces": {
				"north": {"uv": [0.5, 0.5, 1, 2.75], "texture": "#1"},
				"east": {"uv": [0, 0.5, 0.5, 2.75], "texture": "#1"},
				"south": {"uv": [1.5, 0.5, 2, 2.75], "texture": "#1"},
				"west": {"uv": [1, 0.5, 1.5, 2.75], "texture": "#1"},
				"up": {"uv": [0.5, 0, 1, 0.5], "texture": "#1"},
				"down": {"uv": [1, 0.5, 1.5, 0], "texture": "#1"}
			}
		},
		{
			"name": "spikepart8",
			"from": [7, -15.5, -8.4],
			"to": [9, -6.5, -6.4],
			"shade": false,
			"rotation": {"angle": -45, "axis": "x", "origin": [16, 5, -15.4]},
			"faces": {
				"north": {"uv": [2, 2.75, 1.5, 0.5], "texture": "#1"},
				"east": {"uv": [0.5, 2.75, 0, 0.5], "texture": "#1"},
				"south": {"uv": [1, 2.75, 0.5, 0.5], "texture": "#1"},
				"west": {"uv": [1.5, 2.75, 1, 0.5], "texture": "#1"},
				"up": {"uv": [1, 0, 1.5, 0.5], "texture": "#1"},
				"down": {"uv": [0.5, 0.5, 1, 0], "texture": "#1"}
			}
		},
		{
			"name": "spikepart7",
			"from": [-16, 7, -7.5],
			"to": [-7, 9, -5.5],
			"shade": false,
			"rotation": {"angle": -45, "axis": "y", "origin": [5, 16, 1.5]},
			"faces": {
				"north": {"uv": [0, 0.5, 0.5, 2.75], "rotation": 90, "texture": "#1"},
				"east": {"uv": [1, 0, 1.5, 0.5], "rotation": 270, "texture": "#1"},
				"south": {"uv": [1, 0.5, 1.5, 2.75], "rotation": 270, "texture": "#1"},
				"west": {"uv": [0.5, 0.5, 1, 0], "rotation": 270, "texture": "#1"},
				"up": {"uv": [1.5, 0.5, 2, 2.75], "rotation": 270, "texture": "#1"},
				"down": {"uv": [0.5, 0.5, 1, 2.75], "rotation": 270, "texture": "#1"}
			}
		},
		{
			"name": "spikepart8",
			"from": [23, 7, -7.5],
			"to": [32, 9, -5.5],
			"shade": false,
			"rotation": {"angle": 45, "axis": "y", "origin": [11, 16, 1.5]},
			"faces": {
				"north": {"uv": [1.5, 2.75, 1, 0.5], "rotation": 90, "texture": "#1"},
				"east": {"uv": [0.5, 0, 1, 0.5], "rotation": 270, "texture": "#1"},
				"south": {"uv": [0.5, 2.75, 0, 0.5], "rotation": 270, "texture": "#1"},
				"west": {"uv": [1, 0.5, 1.5, 0], "rotation": 270, "texture": "#1"},
				"up": {"uv": [2, 2.75, 1.5, 0.5], "rotation": 270, "texture": "#1"},
				"down": {"uv": [1, 2.75, 0.5, 0.5], "rotation": 270, "texture": "#1"}
			}
		},
		{
			"name": "spikepart8",
			"from": [-16, 7, -8.5],
			"to": [-7, 9, -6.5],
			"shade": false,
			"rotation": {"angle": 45, "axis": "y", "origin": [5, 16, -15.5]},
			"faces": {
				"north": {"uv": [0.5, 2.75, 0, 0.5], "rotation": 270, "texture": "#1"},
				"east": {"uv": [1, 0.5, 1.5, 0], "rotation": 270, "texture": "#1"},
				"south": {"uv": [1.5, 2.75, 1, 0.5], "rotation": 90, "texture": "#1"},
				"west": {"uv": [0.5, 0, 1, 0.5], "rotation": 270, "texture": "#1"},
				"up": {"uv": [1.5, 0.5, 2, 2.75], "rotation": 270, "texture": "#1"},
				"down": {"uv": [0.5, 0.5, 1, 2.75], "rotation": 270, "texture": "#1"}
			}
		},
		{
			"name": "spikepart9",
			"from": [23, 7, -8.5],
			"to": [32, 9, -6.5],
			"shade": false,
			"rotation": {"angle": -45, "axis": "y", "origin": [11, 16, -15.5]},
			"faces": {
				"north": {"uv": [1, 0.5, 1.5, 2.75], "rotation": 270, "texture": "#1"},
				"east": {"uv": [0.5, 0.5, 1, 0], "rotation": 270, "texture": "#1"},
				"south": {"uv": [0, 0.5, 0.5, 2.75], "rotation": 90, "texture": "#1"},
				"west": {"uv": [1, 0, 1.5, 0.5], "rotation": 270, "texture": "#1"},
				"up": {"uv": [2, 2.75, 1.5, 0.5], "rotation": 270, "texture": "#1"},
				"down": {"uv": [1, 2.75, 0.5, 0.5], "rotation": 270, "texture": "#1"}
			}
		}
	],
	"display": {
		"thirdperson_righthand": {
			"rotation": [50, 50, 0],
			"translation": [3, -0.5, 0.5],
			"scale": [0.4, 0.4, 0.4]
		},
		"thirdperson_lefthand": {
			"rotation": [50, 50, 0],
			"translation": [3, -0.5, 0.5],
			"scale": [0.4, 0.4, 0.4]
		},
		"firstperson_righthand": {
			"rotation": [10, 115, -10],
			"translation": [2.5, 5.75, 0],
			"scale": [0.35, 0.35, 0.35]
		},
		"firstperson_lefthand": {
			"rotation": [10, 115, -10],
			"translation": [2.5, 5.75, 0],
			"scale": [0.35, 0.35, 0.35]
		},
		"ground": {
			"translation": [0, 6, 8.25],
			"scale": [0.5, 0.5, 0.5]
		},
		"gui": {
			"rotation": [20, 135, 0],
			"translation": [2.5, 0.75, 0],
			"scale": [0.37, 0.37, 0.37]
		},
		"head": {
			"translation": [0, 20, 15]
		},
		"fixed": {
			"rotation": [-90, 0, 0],
			"translation": [0, 27, -28],
			"scale": [1.8, 1.8, 1.8]
		}
	},
	"groups": [
		{
			"name": "head",
			"shade": false,
			"origin": [0, 24, 0],
			"children": [0, 1, 2, 3, 4]
		},
		{
			"name": "eye",
			"shade": false,
			"origin": [0, 24, 0],
			"children": [5]
		},
		{
			"name": "tailpart0",
			"shade": false,
			"origin": [0, 24, 0],
			"children": [6]
		},
		{
			"name": "tailpart1",
			"shade": false,
			"origin": [0, 24, 0],
			"children": [7]
		},
		{
			"name": "tailpart2",
			"shade": false,
			"origin": [0, 24, 0],
			"children": [8, 9]
		},
		{
			"name": "spikepart0",
			"shade": false,
			"origin": [0, 24, 0],
			"children": []
		},
		{
			"name": "spikepart1",
			"shade": false,
			"origin": [0, 24, 0],
			"children": []
		},
		{
			"name": "spikepart2",
			"shade": false,
			"origin": [0, 24, 0],
			"children": []
		},
		{
			"name": "spikepart3",
			"shade": false,
			"origin": [0, 24, 0],
			"children": []
		},
		{
			"name": "spikepart4",
			"shade": false,
			"origin": [0, 24, 0],
			"children": [10, 11, 12, 13]
		},
		{
			"name": "spikepart5",
			"shade": false,
			"origin": [0, 24, 0],
			"children": []
		},
		{
			"name": "spikepart6",
			"shade": false,
			"origin": [0, 24, 0],
			"children": [14, 15, 16, 17]
		},
		{
			"name": "spikepart7",
			"shade": false,
			"origin": [0, 24, 0],
			"children": [18, 19, 20, 21]
		},
		{
			"name": "spikepart8",
			"shade": false,
			"origin": [0, 24, 0],
			"children": []
		},
		{
			"name": "spikepart9",
			"shade": false,
			"origin": [0, 24, 0],
			"children": []
		},
		{
			"name": "spikepart10",
			"shade": false,
			"origin": [0, 24, 0],
			"children": []
		},
		{
			"name": "spikepart11",
			"shade": false,
			"origin": [0, 24, 0],
			"children": []
		}
	]
}