{
	"credit": "Made by quangei",
	"textures": {
		"0": "textures/panda.png"
	},
	"elements": [
		{
			"from": [-0.5, 0, 14],
			"to": [5.5, 9, 20],
			"rotation": {"angle": 0, "axis": "y", "origin": [7.5, 8, 22]},
			"faces": {
				"north": {"uv": [11.5, 1.5, 13, 3.75], "texture": "#0"},
				"east": {"uv": [10, 1.5, 11.5, 3.75], "texture": "#0"},
				"south": {"uv": [14.5, 1.5, 16, 3.75], "texture": "#0"},
				"west": {"uv": [13, 1.5, 14.5, 3.75], "texture": "#0"},
				"up": {"uv": [13, 1.5, 11.5, 0], "texture": "#0"},
				"down": {"uv": [14.5, 0, 13, 1.5], "texture": "#0"}
			}
		},
		{
			"from": [10.5, 0, 14],
			"to": [16.5, 9, 20],
			"rotation": {"angle": 0, "axis": "y", "origin": [18.5, 8, 22]},
			"faces": {
				"north": {"uv": [11.5, 1.5, 13, 3.75], "texture": "#0"},
				"east": {"uv": [10, 1.5, 11.5, 3.75], "texture": "#0"},
				"south": {"uv": [14.5, 1.5, 16, 3.75], "texture": "#0"},
				"west": {"uv": [13, 1.5, 14.5, 3.75], "texture": "#0"},
				"up": {"uv": [13, 1.5, 11.5, 0], "texture": "#0"},
				"down": {"uv": [14.5, 0, 13, 1.5], "texture": "#0"}
			}
		},
		{
			"from": [-0.5, 0, -4],
			"to": [5.5, 9, 2],
			"rotation": {"angle": 0, "axis": "y", "origin": [7.5, 8, 4]},
			"faces": {
				"north": {"uv": [11.5, 1.5, 13, 3.75], "texture": "#0"},
				"east": {"uv": [10, 1.5, 11.5, 3.75], "texture": "#0"},
				"south": {"uv": [14.5, 1.5, 16, 3.75], "texture": "#0"},
				"west": {"uv": [13, 1.5, 14.5, 3.75], "texture": "#0"},
				"up": {"uv": [13, 1.5, 11.5, 0], "texture": "#0"},
				"down": {"uv": [14.5, 0, 13, 1.5], "texture": "#0"}
			}
		},
		{
			"from": [10.5, 0, -4],
			"to": [16.5, 9, 2],
			"rotation": {"angle": 0, "axis": "y", "origin": [18.5, 8, 4]},
			"faces": {
				"north": {"uv": [11.5, 1.5, 13, 3.75], "texture": "#0"},
				"east": {"uv": [10, 1.5, 11.5, 3.75], "texture": "#0"},
				"south": {"uv": [14.5, 1.5, 16, 3.75], "texture": "#0"},
				"west": {"uv": [13, 1.5, 14.5, 3.75], "texture": "#0"},
				"up": {"uv": [13, 1.5, 11.5, 0], "texture": "#0"},
				"down": {"uv": [14.5, 0, 13, 1.5], "texture": "#0"}
			}
		},
		{
			"from": [-1.5, 8.99, -5],
			"to": [17.5, 21.99, 21],
			"rotation": {"angle": 0, "axis": "x", "origin": [24.5, 17, 13]},
			"faces": {
				"north": {"uv": [8, 9.5, 3.25, 6.25], "rotation": 180, "texture": "#0"},
				"east": {"uv": [0, 9.5, 3.25, 16], "rotation": 90, "texture": "#0"},
				"south": {"uv": [12.75, 6.25, 8, 9.5], "texture": "#0"},
				"west": {"uv": [8, 9.5, 11.25, 16], "rotation": 270, "texture": "#0"},
				"up": {"uv": [11.25, 9.5, 16, 16], "texture": "#0"},
				"down": {"uv": [3.25, 9.5, 8, 16], "rotation": 180, "texture": "#0"}
			}
		},
		{
			"from": [1.5, 9, -13],
			"to": [14.5, 19, -4],
			"rotation": {"angle": 0, "axis": "y", "origin": [21.5, 17, -5]},
			"faces": {
				"north": {"uv": [2.25, 3.75, 5.5, 6.25], "texture": "#0"},
				"east": {"uv": [0, 3.75, 2.25, 6.25], "texture": "#0"},
				"south": {"uv": [7.75, 3.75, 11, 6.25], "texture": "#0"},
				"west": {"uv": [5.5, 3.75, 7.75, 6.25], "texture": "#0"},
				"up": {"uv": [5.5, 3.75, 2.25, 1.5], "texture": "#0"},
				"down": {"uv": [8.75, 1.5, 5.5, 3.75], "texture": "#0"}
			}
		},
		{
			"from": [4.5, 9, -15],
			"to": [11.5, 14, -13],
			"rotation": {"angle": 0, "axis": "y", "origin": [12.5, 17, -7]},
			"faces": {
				"north": {"uv": [11.75, 4.5, 13.5, 5.75], "texture": "#0"},
				"east": {"uv": [11.25, 4.5, 11.75, 5.75], "texture": "#0"},
				"south": {"uv": [14, 4.5, 15.75, 5.75], "texture": "#0"},
				"west": {"uv": [13.5, 4.5, 14, 5.75], "texture": "#0"},
				"up": {"uv": [13.5, 4.5, 11.75, 4], "texture": "#0"},
				"down": {"uv": [15.25, 4, 13.5, 4.5], "texture": "#0"}
			}
		},
		{
			"from": [-0.5, 18, -10],
			"to": [4.5, 22, -9],
			"rotation": {"angle": 0, "axis": "y", "origin": [7.5, 26, -2]},
			"faces": {
				"north": {"uv": [13.25, 6.5, 14.5, 7.5], "texture": "#0"},
				"east": {"uv": [13, 6.5, 13.25, 7.5], "texture": "#0"},
				"south": {"uv": [14.75, 6.5, 16, 7.5], "texture": "#0"},
				"west": {"uv": [14.5, 6.5, 14.75, 7.5], "texture": "#0"},
				"up": {"uv": [14.5, 6.5, 13.25, 6.25], "texture": "#0"},
				"down": {"uv": [15.75, 6.25, 14.5, 6.5], "texture": "#0"}
			}
		},
		{
			"from": [11.5, 18, -10],
			"to": [16.5, 22, -9],
			"shade": false,
			"rotation": {"angle": 0, "axis": "y", "origin": [8.5, 26, -2]},
			"faces": {
				"north": {"uv": [14.5, 6.5, 13.25, 7.5], "texture": "#0"},
				"east": {"uv": [14.75, 6.5, 14.5, 7.5], "texture": "#0"},
				"south": {"uv": [16, 6.5, 14.75, 7.5], "texture": "#0"},
				"west": {"uv": [13.25, 6.5, 13, 7.5], "texture": "#0"},
				"up": {"uv": [13.25, 6.5, 14.5, 6.25], "texture": "#0"},
				"down": {"uv": [14.5, 6.25, 15.75, 6.5], "texture": "#0"}
			}
		}
	],
	"display": {
		"thirdperson_righthand": {
			"rotation": [50, 50, 0],
			"translation": [-1.25, 1, -2.75],
			"scale": [0.3, 0.3, 0.3]
		},
		"thirdperson_lefthand": {
			"rotation": [50, 50, 0],
			"translation": [-1.25, 1, -2.75],
			"scale": [0.3, 0.3, 0.3]
		},
		"firstperson_righthand": {
			"rotation": [10, 115, -10],
			"translation": [1.25, 3.25, 0],
			"scale": [0.3, 0.3, 0.3]
		},
		"firstperson_lefthand": {
			"rotation": [10, 115, -10],
			"translation": [1.25, 3.25, 0],
			"scale": [0.3, 0.3, 0.3]
		},
		"ground": {
			"translation": [0, 3, 0],
			"scale": [0.3, 0.3, 0.3]
		},
		"gui": {
			"rotation": [25, 135, 0],
			"translation": [0.75, -1.25, 0],
			"scale": [0.42, 0.42, 0.42]
		},
		"head": {
			"translation": [0, 10.4, 0],
			"scale": [0.5, 0.5, 0.5]
		},
		"fixed": {
			"rotation": [-90, 0, 0],
			"translation": [0, 0, -8],
			"scale": [1.01, 1.01, 1.01]
		}
	}
}