{
	"credit": "Made by quangei",
	"textures": {
		"1": "textures/bow.png",
		"2": "textures/skeleton.png"
	},
	"elements": [
		{
			"name": "body",
			"from": [4, -1.5, 6],
			"to": [12, -1.49, 10],
			"shade": false,
			"rotation": {"angle": 0, "axis": "y", "origin": [16, -5.5, 16]},
			"faces": {
				"up": {"uv": [6.99975, 9.999, 8.99975, 7.9995], "texture": "#2"},
				"down": {"uv": [7, 8, 9, 10], "texture": "#2"}
			}
		},
		{
			"name": "body",
			"from": [4, -1.5, 9.99],
			"to": [12, 10.5, 10],
			"shade": false,
			"rotation": {"angle": 0, "axis": "y", "origin": [16, -5.5, 16]},
			"faces": {
				"north": {"uv": [9.99975, 10, 8, 16], "texture": "#2"},
				"south": {"uv": [10, 10, 8, 16], "texture": "#2"}
			}
		},
		{
			"name": "body",
			"from": [4, -1.5, 6],
			"to": [12, 10.5, 6.01],
			"shade": false,
			"rotation": {"angle": 0, "axis": "y", "origin": [16, -5.5, 16]},
			"faces": {
				"north": {"uv": [7, 10, 5, 16], "texture": "#2"},
				"south": {"uv": [6.99975, 10, 5, 16], "texture": "#2"}
			}
		},
		{
			"name": "body",
			"from": [11.99, -1.5, 6],
			"to": [12, 10.5, 10],
			"shade": false,
			"rotation": {"angle": 0, "axis": "y", "origin": [16, -5.5, 16]},
			"faces": {
				"east": {"uv": [8, 10, 7, 16], "texture": "#2"},
				"west": {"uv": [5, 10, 4, 16], "texture": "#2"}
			}
		},
		{
			"name": "body",
			"from": [4, -1.5, 6],
			"to": [4.01, 10.5, 10],
			"shade": false,
			"rotation": {"angle": 0, "axis": "y", "origin": [16, -5.5, 16]},
			"faces": {
				"east": {"uv": [8, 10, 7, 16], "texture": "#2"},
				"west": {"uv": [5, 10, 4, 16], "texture": "#2"}
			}
		},
		{
			"name": "head",
			"from": [4, 10.5, 4],
			"to": [12, 18.5, 4.01],
			"shade": false,
			"rotation": {"angle": 0, "axis": "y", "origin": [0, -5.5, 16]},
			"faces": {
				"north": {"uv": [2, 4, 4, 8], "texture": "#2"},
				"south": {"uv": [2, 4, 3.99975, 7.9995], "texture": "#2"}
			}
		},
		{
			"name": "head",
			"from": [4, 10.5, 11.99],
			"to": [12, 18.5, 12],
			"shade": false,
			"rotation": {"angle": 0, "axis": "y", "origin": [0, -5.5, 16]},
			"faces": {
				"north": {"uv": [6, 4, 8, 7.9995], "texture": "#2"},
				"south": {"uv": [6, 4, 8, 8], "texture": "#2"}
			}
		},
		{
			"name": "head",
			"from": [11.99, 10.5, 4],
			"to": [12, 18.5, 12],
			"shade": false,
			"rotation": {"angle": 0, "axis": "y", "origin": [0, -5.5, 16]},
			"faces": {
				"east": {"uv": [0, 4, 2, 8], "texture": "#2"},
				"west": {"uv": [4, 4, 6, 8], "texture": "#2"}
			}
		},
		{
			"name": "head",
			"from": [4, 10.5, 4],
			"to": [4.01, 18.5, 12],
			"shade": false,
			"rotation": {"angle": 0, "axis": "y", "origin": [0, -5.5, 16]},
			"faces": {
				"east": {"uv": [0, 4, 2, 8], "texture": "#2"},
				"west": {"uv": [4, 4, 6, 8], "texture": "#2"}
			}
		},
		{
			"name": "head",
			"from": [4, 18.49, 4],
			"to": [12, 18.5, 12],
			"shade": false,
			"rotation": {"angle": 0, "axis": "y", "origin": [0, -5.5, 16]},
			"faces": {
				"up": {"uv": [4, 4, 2, 0], "texture": "#2"},
				"down": {"uv": [3.99975, 0, 2, 4], "texture": "#2"}
			}
		},
		{
			"name": "head",
			"from": [4, 10.5, 4],
			"to": [12, 10.51, 12],
			"shade": false,
			"rotation": {"angle": 0, "axis": "y", "origin": [16, -5.5, 16]},
			"faces": {
				"up": {"uv": [3.99975, 4, 5.99975, 0], "texture": "#2"},
				"down": {"uv": [4, 0, 6, 4], "texture": "#2"}
			}
		},
		{
			"name": "rightArm",
			"from": [1.99, -1.5, 7],
			"to": [3.99, 10.5, 9],
			"shade": false,
			"rotation": {"angle": 0, "axis": "y", "origin": [16, -5.5, 16]},
			"faces": {
				"north": {"uv": [11, 9, 10.5, 15], "texture": "#2"},
				"east": {"uv": [11.5, 9, 11, 15], "texture": "#2"},
				"south": {"uv": [12, 9, 11.5, 15], "texture": "#2"},
				"west": {"uv": [10.5, 9, 10, 15], "texture": "#2"},
				"up": {"uv": [10.5, 9, 11, 8], "texture": "#2"},
				"down": {"uv": [11, 8, 11.5, 9], "texture": "#2"}
			}
		},
		{
			"name": "leftArm",
			"from": [12.01, -1.5, 7],
			"to": [14.01, 10.5, 9],
			"rotation": {"angle": 0, "axis": "y", "origin": [16, -5.5, 16]},
			"faces": {
				"north": {"uv": [10.5, 9, 11, 15], "texture": "#2"},
				"east": {"uv": [10, 9, 10.5, 15], "texture": "#2"},
				"south": {"uv": [11.5, 9, 12, 15], "texture": "#2"},
				"west": {"uv": [11, 9, 11.5, 15], "texture": "#2"},
				"up": {"uv": [11, 9, 10.5, 8], "texture": "#2"},
				"down": {"uv": [11.5, 8, 11, 9], "texture": "#2"}
			}
		},
		{
			"name": "rightLeg",
			"from": [5, -13.5, 7],
			"to": [7, -1.5, 9],
			"shade": false,
			"rotation": {"angle": 0, "axis": "y", "origin": [16, -5.5, 16]},
			"faces": {
				"north": {"uv": [1, 9, 0.5, 15], "texture": "#2"},
				"east": {"uv": [1.5, 9, 1, 15], "texture": "#2"},
				"south": {"uv": [2, 9, 1.5, 15], "texture": "#2"},
				"west": {"uv": [0.5, 9, 0, 15], "texture": "#2"},
				"up": {"uv": [0.5, 9, 1, 8], "texture": "#2"},
				"down": {"uv": [1, 8, 1.5, 9], "texture": "#2"}
			}
		},
		{
			"name": "leftLeg",
			"from": [9, -13.5, 7],
			"to": [11, -1.5, 9],
			"rotation": {"angle": 0, "axis": "y", "origin": [16, -5.5, 16]},
			"faces": {
				"north": {"uv": [0.5, 9, 1, 15], "texture": "#2"},
				"east": {"uv": [0, 9, 0.5, 15], "texture": "#2"},
				"south": {"uv": [1.5, 9, 2, 15], "texture": "#2"},
				"west": {"uv": [1, 9, 1.5, 15], "texture": "#2"},
				"up": {"uv": [1, 9, 0.5, 8], "texture": "#2"},
				"down": {"uv": [1.5, 8, 1, 9], "texture": "#2"}
			}
		},
		{
			"from": [11.7, 2.5, 9.6],
			"to": [12.7, 3.5, 10.6],
			"rotation": {"angle": -45, "axis": "x", "origin": [19.7, 11.5, 13.6]},
			"faces": {
				"north": {"uv": [2, 15, 3, 16], "texture": "#1"},
				"east": {"uv": [2, 15, 3, 16], "texture": "#1"},
				"south": {"uv": [2, 15, 3, 16], "texture": "#1"},
				"west": {"uv": [2, 15, 3, 16], "texture": "#1"},
				"up": {"uv": [2, 15, 3, 16], "texture": "#1"},
				"down": {"uv": [2, 15, 3, 16], "texture": "#1"}
			}
		},
		{
			"from": [11.7, 15.5, -3.4],
			"to": [12.7, 16.5, -2.4],
			"rotation": {"angle": -45, "axis": "x", "origin": [19.7, 11.5, 13.6]},
			"faces": {
				"north": {"uv": [15, 2, 16, 3], "rotation": 180, "texture": "#1"},
				"east": {"uv": [15, 2, 16, 3], "rotation": 90, "texture": "#1"},
				"south": {"uv": [15, 2, 16, 3], "texture": "#1"},
				"west": {"uv": [15, 2, 16, 3], "rotation": 270, "texture": "#1"},
				"up": {"uv": [15, 2, 16, 3], "texture": "#1"},
				"down": {"uv": [15, 2, 16, 3], "rotation": 180, "texture": "#1"}
			}
		},
		{
			"from": [11.7, 6.5, 0.6],
			"to": [12.7, 7.5, 1.6],
			"rotation": {"angle": -45, "axis": "x", "origin": [19.7, 11.5, 13.6]},
			"faces": {
				"north": {"uv": [6, 6, 7, 7], "texture": "#1"},
				"east": {"uv": [6, 6, 7, 7], "texture": "#1"},
				"south": {"uv": [6, 6, 7, 7], "texture": "#1"},
				"west": {"uv": [6, 6, 7, 7], "texture": "#1"},
				"up": {"uv": [6, 6, 7, 7], "texture": "#1"},
				"down": {"uv": [6, 6, 7, 7], "texture": "#1"}
			}
		},
		{
			"from": [11.7, 5.5, -0.4],
			"to": [12.7, 6.5, 0.6],
			"rotation": {"angle": -45, "axis": "x", "origin": [19.7, 11.5, 13.6]},
			"faces": {
				"north": {"uv": [5, 5, 6, 6], "texture": "#1"},
				"east": {"uv": [5, 5, 6, 6], "texture": "#1"},
				"south": {"uv": [5, 5, 6, 6], "texture": "#1"},
				"west": {"uv": [5, 5, 6, 6], "texture": "#1"},
				"up": {"uv": [5, 5, 6, 6], "texture": "#1"},
				"down": {"uv": [5, 5, 6, 6], "texture": "#1"}
			}
		},
		{
			"from": [11.7, 4.5, -0.4],
			"to": [12.7, 5.5, 0.6],
			"rotation": {"angle": -45, "axis": "x", "origin": [19.7, 11.5, 13.6]},
			"faces": {
				"north": {"uv": [4, 5, 5, 6], "texture": "#1"},
				"east": {"uv": [4, 5, 5, 6], "texture": "#1"},
				"south": {"uv": [4, 5, 5, 6], "texture": "#1"},
				"west": {"uv": [4, 5, 5, 6], "texture": "#1"},
				"up": {"uv": [4, 5, 5, 6], "texture": "#1"},
				"down": {"uv": [4, 5, 5, 6], "texture": "#1"}
			}
		},
		{
			"from": [11.7, 5.5, -1.4],
			"to": [12.7, 6.5, -0.4],
			"rotation": {"angle": -45, "axis": "x", "origin": [19.7, 11.5, 13.6]},
			"faces": {
				"north": {"uv": [5, 4, 6, 5], "texture": "#1"},
				"east": {"uv": [5, 4, 6, 5], "texture": "#1"},
				"south": {"uv": [5, 4, 6, 5], "texture": "#1"},
				"west": {"uv": [5, 4, 6, 5], "texture": "#1"},
				"up": {"uv": [5, 4, 6, 5], "texture": "#1"},
				"down": {"uv": [5, 4, 6, 5], "texture": "#1"}
			}
		},
		{
			"from": [11.7, 13.5, -1.4],
			"to": [12.7, 14.5, -0.4],
			"rotation": {"angle": -45, "axis": "x", "origin": [19.7, 11.5, 13.6]},
			"faces": {
				"north": {"uv": [13, 4, 14, 5], "texture": "#1"},
				"east": {"uv": [13, 4, 14, 5], "texture": "#1"},
				"south": {"uv": [13, 4, 14, 5], "texture": "#1"},
				"west": {"uv": [13, 4, 14, 5], "texture": "#1"},
				"up": {"uv": [13, 4, 14, 5], "texture": "#1"},
				"down": {"uv": [13, 4, 14, 5], "texture": "#1"}
			}
		},
		{
			"from": [11.7, 13.5, 0.01421],
			"to": [12.7, 14.5, 1.01421],
			"rotation": {"angle": -45, "axis": "x", "origin": [19.7, 11.5, 15.01421]},
			"faces": {
				"north": {"uv": [12, 5, 13, 6], "texture": "#1"},
				"east": {"uv": [12, 5, 13, 6], "texture": "#1"},
				"south": {"uv": [12, 5, 13, 6], "texture": "#1"},
				"west": {"uv": [12, 5, 13, 6], "texture": "#1"},
				"up": {"uv": [12, 5, 13, 6], "texture": "#1"},
				"down": {"uv": [12, 5, 13, 6], "texture": "#1"}
			}
		},
		{
			"from": [11.7, 13.5, 1.42843],
			"to": [12.7, 14.5, 2.42843],
			"rotation": {"angle": -45, "axis": "x", "origin": [19.7, 11.5, 16.42843]},
			"faces": {
				"north": {"uv": [11, 6, 12, 7], "texture": "#1"},
				"east": {"uv": [11, 6, 12, 7], "texture": "#1"},
				"south": {"uv": [11, 6, 12, 7], "texture": "#1"},
				"west": {"uv": [11, 6, 12, 7], "texture": "#1"},
				"up": {"uv": [11, 6, 12, 7], "texture": "#1"},
				"down": {"uv": [11, 6, 12, 7], "texture": "#1"}
			}
		},
		{
			"from": [11.7, 13.5, 2.84264],
			"to": [12.7, 14.5, 3.84264],
			"rotation": {"angle": -45, "axis": "x", "origin": [19.7, 11.5, 17.84264]},
			"faces": {
				"north": {"uv": [10, 7, 11, 8], "texture": "#1"},
				"east": {"uv": [10, 7, 11, 8], "texture": "#1"},
				"south": {"uv": [10, 7, 11, 8], "texture": "#1"},
				"west": {"uv": [10, 7, 11, 8], "texture": "#1"},
				"up": {"uv": [10, 7, 11, 8], "texture": "#1"},
				"down": {"uv": [10, 7, 11, 8], "texture": "#1"}
			}
		},
		{
			"from": [11.7, 13.5, 4.25685],
			"to": [12.7, 14.5, 5.25685],
			"rotation": {"angle": -45, "axis": "x", "origin": [19.7, 11.5, 19.25685]},
			"faces": {
				"north": {"uv": [9, 8, 10, 9], "texture": "#1"},
				"east": {"uv": [9, 8, 10, 9], "texture": "#1"},
				"south": {"uv": [9, 8, 10, 9], "texture": "#1"},
				"west": {"uv": [9, 8, 10, 9], "texture": "#1"},
				"up": {"uv": [9, 8, 10, 9], "texture": "#1"},
				"down": {"uv": [9, 8, 10, 9], "texture": "#1"}
			}
		},
		{
			"from": [11.7, 13.5, 5.67107],
			"to": [12.7, 14.5, 6.67107],
			"rotation": {"angle": -45, "axis": "x", "origin": [19.7, 11.5, 20.67107]},
			"faces": {
				"north": {"uv": [8, 9, 9, 10], "texture": "#1"},
				"east": {"uv": [8, 9, 9, 10], "texture": "#1"},
				"south": {"uv": [8, 9, 9, 10], "texture": "#1"},
				"west": {"uv": [8, 9, 9, 10], "texture": "#1"},
				"up": {"uv": [8, 9, 9, 10], "texture": "#1"},
				"down": {"uv": [8, 9, 9, 10], "texture": "#1"}
			}
		},
		{
			"from": [11.7, 13.5, 7.08528],
			"to": [12.7, 14.5, 8.08528],
			"rotation": {"angle": -45, "axis": "x", "origin": [19.7, 11.5, 22.08528]},
			"faces": {
				"north": {"uv": [7, 10, 8, 11], "texture": "#1"},
				"east": {"uv": [7, 10, 8, 11], "texture": "#1"},
				"south": {"uv": [7, 10, 8, 11], "texture": "#1"},
				"west": {"uv": [7, 10, 8, 11], "texture": "#1"},
				"up": {"uv": [7, 10, 8, 11], "texture": "#1"},
				"down": {"uv": [7, 10, 8, 11], "texture": "#1"}
			}
		},
		{
			"from": [11.7, 13.5, 8.49949],
			"to": [12.7, 14.5, 9.49949],
			"rotation": {"angle": -45, "axis": "x", "origin": [19.7, 11.5, 23.49949]},
			"faces": {
				"north": {"uv": [6, 11, 7, 12], "texture": "#1"},
				"east": {"uv": [6, 11, 7, 12], "texture": "#1"},
				"south": {"uv": [6, 11, 7, 12], "texture": "#1"},
				"west": {"uv": [6, 11, 7, 12], "texture": "#1"},
				"up": {"uv": [6, 11, 7, 12], "texture": "#1"},
				"down": {"uv": [6, 11, 7, 12], "texture": "#1"}
			}
		},
		{
			"from": [11.7, 13.5, 9.91371],
			"to": [12.7, 14.5, 10.91371],
			"rotation": {"angle": -45, "axis": "x", "origin": [19.7, 11.5, 24.91371]},
			"faces": {
				"north": {"uv": [5, 12, 6, 13], "texture": "#1"},
				"east": {"uv": [5, 12, 6, 13], "texture": "#1"},
				"south": {"uv": [5, 12, 6, 13], "texture": "#1"},
				"west": {"uv": [5, 12, 6, 13], "texture": "#1"},
				"up": {"uv": [5, 12, 6, 13], "texture": "#1"},
				"down": {"uv": [5, 12, 6, 13], "texture": "#1"}
			}
		},
		{
			"from": [11.7, 13.5, 11.32792],
			"to": [12.7, 14.5, 12.32792],
			"rotation": {"angle": -45, "axis": "x", "origin": [19.7, 11.5, 26.32792]},
			"faces": {
				"north": {"uv": [4, 13, 5, 14], "texture": "#1"},
				"east": {"uv": [4, 13, 5, 14], "texture": "#1"},
				"south": {"uv": [4, 13, 5, 14], "texture": "#1"},
				"west": {"uv": [4, 13, 5, 14], "texture": "#1"},
				"up": {"uv": [4, 13, 5, 14], "texture": "#1"},
				"down": {"uv": [4, 13, 5, 14], "texture": "#1"}
			}
		},
		{
			"from": [11.7, 1.5, 5.6],
			"to": [12.7, 4.5, 9.6],
			"rotation": {"angle": -45, "axis": "x", "origin": [19.7, 11.5, 13.6]},
			"faces": {
				"north": {"uv": [1, 11, 4, 12], "rotation": 270, "texture": "#1"},
				"east": {"uv": [1, 11, 4, 15], "rotation": 270, "texture": "#1"},
				"south": {"uv": [1, 14, 4, 15], "rotation": 270, "texture": "#1"},
				"west": {"uv": [1, 11, 4, 15], "rotation": 270, "texture": "#1"},
				"up": {"uv": [3, 11, 4, 15], "texture": "#1"},
				"down": {"uv": [14, 1, 14.25, 1.5], "texture": "#1"}
			}
		},
		{
			"from": [11.7, 11.5, -4.4],
			"to": [12.7, 15.5, -1.4],
			"rotation": {"angle": -45, "axis": "x", "origin": [19.7, 11.5, 13.6]},
			"faces": {
				"north": {"uv": [11, 1, 15, 2], "rotation": 180, "texture": "#1"},
				"east": {"uv": [11, 1, 15, 4], "rotation": 90, "texture": "#1"},
				"south": {"uv": [11, 3, 15, 4], "texture": "#1"},
				"west": {"uv": [11, 1, 15, 4], "rotation": 270, "texture": "#1"},
				"up": {"uv": [14, 1, 15, 4], "texture": "#1"},
				"down": {"uv": [11, 1, 12, 4], "rotation": 180, "texture": "#1"}
			}
		},
		{
			"from": [11.7, 2.5, 2.6],
			"to": [12.7, 5.5, 5.6],
			"rotation": {"angle": -45, "axis": "x", "origin": [19.7, 11.5, 13.6]},
			"faces": {
				"north": {"uv": [8, 2, 9, 5], "rotation": 180, "texture": "#1"},
				"east": {"uv": [8, 2, 11, 5], "rotation": 180, "texture": "#1"},
				"south": {"uv": [8, 2, 9, 5], "rotation": 180, "texture": "#1"},
				"west": {"uv": [8, 2, 11, 5], "rotation": 180, "texture": "#1"},
				"up": {"uv": [8, 4, 11, 5], "rotation": 270, "texture": "#1"},
				"down": {"uv": [8, 2, 11, 3], "texture": "#1"}
			}
		},
		{
			"from": [11.7, 8.5, -3.4],
			"to": [12.7, 11.5, -0.4],
			"rotation": {"angle": -45, "axis": "x", "origin": [19.7, 11.5, 13.6]},
			"faces": {
				"north": {"uv": [8, 2, 11, 3], "rotation": 180, "texture": "#1"},
				"east": {"uv": [8, 2, 11, 5], "rotation": 90, "texture": "#1"},
				"south": {"uv": [8, 4, 11, 5], "texture": "#1"},
				"west": {"uv": [8, 2, 11, 5], "rotation": 270, "texture": "#1"},
				"up": {"uv": [15.5, 2, 15.75, 0.5], "rotation": 180, "texture": "#1"},
				"down": {"uv": [8, 2, 9, 5], "rotation": 180, "texture": "#1"}
			}
		},
		{
			"from": [11.7, 3.5, 0.6],
			"to": [12.7, 6.5, 2.6],
			"rotation": {"angle": -45, "axis": "x", "origin": [19.7, 11.5, 13.6]},
			"faces": {
				"north": {"uv": [6, 3, 7, 6], "rotation": 180, "texture": "#1"},
				"east": {"uv": [6, 3, 8, 6], "rotation": 180, "texture": "#1"},
				"south": {"uv": [7, 3, 8, 6], "rotation": 180, "texture": "#1"},
				"west": {"uv": [8, 3, 6, 6], "rotation": 180, "texture": "#1"},
				"up": {"uv": [6, 5, 8, 6], "rotation": 90, "texture": "#1"},
				"down": {"uv": [13.5, 1.5, 13.75, 2], "texture": "#1"}
			}
		},
		{
			"from": [11.7, 6.5, -2.4],
			"to": [12.7, 8.5, 0.6],
			"rotation": {"angle": -45, "axis": "x", "origin": [19.7, 11.5, 13.6]},
			"faces": {
				"north": {"uv": [13.5, 2, 13.75, 1.5], "rotation": 180, "texture": "#1"},
				"east": {"uv": [3, 6, 6, 8], "rotation": 180, "texture": "#1"},
				"south": {"uv": [5, 6, 7, 7], "rotation": 270, "texture": "#1"},
				"west": {"uv": [6, 6, 3, 8], "rotation": 180, "texture": "#1"},
				"up": {"uv": [3, 7, 6, 8], "rotation": 90, "texture": "#1"},
				"down": {"uv": [5, 4, 6, 7], "rotation": 180, "texture": "#1"}
			}
		}
	],
	"display": {
		"thirdperson_righthand": {
			"rotation": [50, 50, 0],
			"translation": [0, 3.5, 3.5],
			"scale": [0.3, 0.3, 0.3]
		},
		"thirdperson_lefthand": {
			"rotation": [50, 50, 0],
			"translation": [0, 3.5, 3.5],
			"scale": [0.3, 0.3, 0.3]
		},
		"firstperson_righthand": {
			"rotation": [10, 115, -10],
			"translation": [2, 5, 0],
			"scale": [0.3, 0.3, 0.3]
		},
		"firstperson_lefthand": {
			"rotation": [10, 115, -10],
			"translation": [2, 5, 0],
			"scale": [0.3, 0.3, 0.3]
		},
		"ground": {
			"translation": [0, 6, 0],
			"scale": [0.3, 0.3, 0.3]
		},
		"gui": {
			"rotation": [20, 135, 0],
			"translation": [0, 2.25, 0],
			"scale": [0.45, 0.45, 0.45]
		},
		"head": {
			"translation": [0, 17.1, 0],
			"scale": [0.5, 0.5, 0.5]
		},
		"fixed": {
			"rotation": [-90, 0, 0],
			"translation": [0, 0, -21.5]
		}
	},
	"groups": [
		{
			"name": "body",
			"shade": false,
			"origin": [0, 24, 0],
			"children": [0, 1, 2, 3, 4]
		},
		{
			"name": "head",
			"shade": false,
			"origin": [0, 24, 0],
			"children": [5, 6, 7, 8, 9, 10]
		},
		{
			"name": "rightArm",
			"shade": false,
			"origin": [-5, 22, 0],
			"children": [11]
		},
		{
			"name": "leftArm",
			"shade": false,
			"origin": [5, 22, 0],
			"children": [12]
		},
		{
			"name": "rightLeg",
			"shade": false,
			"origin": [-2, 12, 0],
			"children": [13]
		},
		{
			"name": "leftLeg",
			"shade": false,
			"origin": [2, 12, 0],
			"children": [14]
		},
		{
			"name": "body",
			"shade": false,
			"origin": [0, 24, 0],
			"children": []
		},
		{
			"name": "head",
			"shade": false,
			"origin": [0, 24, 0],
			"children": []
		},
		{
			"name": "rightArm",
			"shade": false,
			"origin": [-5, 22, 0],
			"children": []
		},
		{
			"name": "leftArm",
			"shade": false,
			"origin": [5, 22, 0],
			"children": []
		},
		{
			"name": "rightLeg",
			"shade": false,
			"origin": [-1.9, 12, 0],
			"children": []
		},
		{
			"name": "leftLeg",
			"shade": false,
			"origin": [1.9, 12, 0],
			"children": [15, 16, 17, 18, 19, 20, 21, 22, 23, 24, 25, 26, 27, 28, 29, 30, 31, 32, 33, 34, 35, 36]
		}
	]
}