{
	"credit": "Made by quangei",
	"textures": {
		"0": "textures/horse_skeleton.png"
	},
	"elements": [
		{
			"name": "Body",
			"from": [3, -2.99, -3],
			"to": [13, 7.01, -2.99],
			"shade": false,
			"rotation": {"angle": 0, "axis": "y", "origin": [16, -5.99, 16]},
			"faces": {
				"north": {"uv": [8, 13.5, 5.5, 16], "texture": "#0"},
				"east": {"uv": [8.25, 13.5, 8, 16], "texture": "#0"},
				"south": {"uv": [8, 13.5, 5.5, 16], "texture": "#0"},
				"west": {"uv": [5.5, 13.5, 5.25, 16], "texture": "#0"},
				"up": {"uv": [5.5, 13.5, 8, 13.25], "texture": "#0"},
				"down": {"uv": [8, 13.25, 10.5, 13.5], "texture": "#0"}
			}
		},
		{
			"name": "Body",
			"from": [3, 7, -3],
			"to": [13, 7.01, 19],
			"shade": false,
			"rotation": {"angle": 0, "axis": "y", "origin": [16, -6, 16]},
			"faces": {
				"north": {"uv": [8, 13.5, 5.5, 13.5], "texture": "#0"},
				"east": {"uv": [13.5, 13.5, 8, 13.75], "texture": "#0"},
				"south": {"uv": [16, 13.5, 13.5, 13.75], "texture": "#0"},
				"west": {"uv": [5.5, 13.5, 0, 13.75], "texture": "#0"},
				"up": {"uv": [5.5, 13.5, 8, 8], "texture": "#0"},
				"down": {"uv": [5.5, 8, 8, 13.5], "texture": "#0"}
			}
		},
		{
			"name": "Body",
			"from": [3, -2.99, -3],
			"to": [13, -2.98, 19],
			"shade": false,
			"rotation": {"angle": 0, "axis": "y", "origin": [16, -5.99, 16]},
			"faces": {
				"north": {"uv": [8, 15.75, 5.5, 16], "texture": "#0"},
				"east": {"uv": [13.5, 15.75, 8, 16], "texture": "#0"},
				"west": {"uv": [5.5, 15.75, 0, 16], "texture": "#0"},
				"up": {"uv": [8, 13.5, 10.5, 8], "texture": "#0"},
				"down": {"uv": [8, 8, 10.5, 13.5], "texture": "#0"}
			}
		},
		{
			"name": "Body",
			"from": [3, -2.99, 18.99],
			"to": [13, 7.01, 19],
			"shade": false,
			"rotation": {"angle": 0, "axis": "y", "origin": [16, -5.99, 15.99]},
			"faces": {
				"north": {"uv": [16, 13.5, 13.5, 16], "texture": "#0"},
				"east": {"uv": [13.5, 13.5, 13.25, 16], "texture": "#0"},
				"south": {"uv": [13.5, 13.5, 16, 16], "texture": "#0"},
				"west": {"uv": [0, 13.5, 0.25, 16], "texture": "#0"},
				"up": {"uv": [5.5, 8, 8, 8.25], "texture": "#0"},
				"down": {"uv": [8, 8, 10.5, 8.25], "texture": "#0"}
			}
		},
		{
			"name": "Body",
			"from": [3, -2.99, -3],
			"to": [3.01, 7.01, 19],
			"shade": false,
			"rotation": {"angle": 0, "axis": "y", "origin": [16, -5.99, 16]},
			"faces": {
				"north": {"uv": [8, 13.5, 7.75, 16], "texture": "#0"},
				"east": {"uv": [13.5, 13.5, 8, 16], "texture": "#0"},
				"south": {"uv": [16, 13.5, 15.75, 16], "texture": "#0"},
				"west": {"uv": [5.5, 13.5, 0, 16], "texture": "#0"},
				"up": {"uv": [5.5, 13.5, 5.75, 8], "texture": "#0"},
				"down": {"uv": [8, 8, 8.25, 13.5], "texture": "#0"}
			}
		},
		{
			"name": "Body",
			"from": [12.99, -2.99, -3],
			"to": [13, 7.01, 19],
			"shade": false,
			"rotation": {"angle": 0, "axis": "y", "origin": [15.99, -5.99, 16]},
			"faces": {
				"north": {"uv": [5.5, 13.5, 5.5, 16], "texture": "#0"},
				"east": {"uv": [13.5, 13.5, 8, 16], "texture": "#0"},
				"south": {"uv": [16, 13.5, 15.75, 16], "texture": "#0"},
				"west": {"uv": [5.5, 13.5, 0, 16], "texture": "#0"},
				"up": {"uv": [5.5, 13.5, 5.75, 8], "texture": "#0"},
				"down": {"uv": [8, 8, 8.25, 13.5], "texture": "#0"}
			}
		},
		{
			"name": "Leg3A",
			"from": [9, -3, -3],
			"to": [13, -2.99, 1],
			"rotation": {"angle": 0, "axis": "y", "origin": [16, -5.989, 16]},
			"faces": {
				"up": {"uv": [14, 6.25, 13, 5.25], "texture": "#0"},
				"down": {"uv": [14, 5.25, 13, 6.25], "texture": "#0"}
			}
		},
		{
			"name": "Leg3A",
			"from": [3, -3, -3],
			"to": [7, -2.99, 1],
			"rotation": {"angle": 0, "axis": "y", "origin": [0, -5.989, 16]},
			"faces": {
				"up": {"uv": [13, 6.25, 14, 5.25], "texture": "#0"},
				"down": {"uv": [13, 5.25, 14, 6.25], "texture": "#0"}
			}
		},
		{
			"name": "Leg3A",
			"from": [9, -3, 15],
			"to": [13, -2.99, 19],
			"rotation": {"angle": 0, "axis": "y", "origin": [16, -5.989, 34]},
			"faces": {
				"up": {"uv": [14, 6.25, 13, 5.25], "texture": "#0"},
				"down": {"uv": [14, 5.25, 13, 6.25], "texture": "#0"}
			}
		},
		{
			"name": "Leg3A",
			"from": [3, -3, 15],
			"to": [7, -2.99, 19],
			"rotation": {"angle": 0, "axis": "y", "origin": [0, -5.989, 34]},
			"faces": {
				"up": {"uv": [13, 6.25, 14, 5.25], "texture": "#0"},
				"down": {"uv": [13, 5.25, 14, 6.25], "texture": "#0"}
			}
		},
		{
			"name": "Leg3A",
			"from": [9, -13.99, -3],
			"to": [13, -2.99, -2.99],
			"rotation": {"angle": 0, "axis": "y", "origin": [16, -5.989, 16]},
			"faces": {
				"north": {"uv": [13, 6.25, 14, 9], "texture": "#0"},
				"south": {"uv": [14, 6.25, 13, 9], "texture": "#0"}
			}
		},
		{
			"name": "Leg3A",
			"from": [3, -13.99, -3],
			"to": [7, -2.99, -2.99],
			"rotation": {"angle": 0, "axis": "y", "origin": [0, -5.989, 16]},
			"faces": {
				"north": {"uv": [14, 6.25, 13, 9], "texture": "#0"},
				"south": {"uv": [13, 6.25, 14, 9], "texture": "#0"}
			}
		},
		{
			"name": "Leg3A",
			"from": [9, -13.99, 15],
			"to": [13, -2.99, 15.01],
			"rotation": {"angle": 0, "axis": "y", "origin": [16, -5.989, 34]},
			"faces": {
				"north": {"uv": [13, 6.25, 14, 9], "texture": "#0"},
				"south": {"uv": [14, 6.25, 13, 9], "texture": "#0"}
			}
		},
		{
			"name": "Leg3A",
			"from": [3, -13.99, 15],
			"to": [7, -2.99, 15.01],
			"rotation": {"angle": 0, "axis": "y", "origin": [0, -5.989, 34]},
			"faces": {
				"north": {"uv": [14, 6.25, 13, 9], "texture": "#0"},
				"south": {"uv": [13, 6.25, 14, 9], "texture": "#0"}
			}
		},
		{
			"name": "Leg3A",
			"from": [9, -13.99, -3],
			"to": [9.01, -2.99, 1],
			"rotation": {"angle": 0, "axis": "y", "origin": [16, -5.989, 16]},
			"faces": {
				"east": {"uv": [15, 6.25, 14, 9], "texture": "#0"},
				"west": {"uv": [14, 6.25, 15, 9], "texture": "#0"}
			}
		},
		{
			"name": "Leg3A",
			"from": [6.99, -13.99, -3],
			"to": [7, -2.99, 1],
			"rotation": {"angle": 0, "axis": "y", "origin": [0, -5.989, 16]},
			"faces": {
				"east": {"uv": [15, 6.25, 14, 9], "texture": "#0"},
				"west": {"uv": [14, 6.25, 15, 9], "texture": "#0"}
			}
		},
		{
			"name": "Leg3A",
			"from": [9, -13.99, 15],
			"to": [9.01, -2.99, 19],
			"rotation": {"angle": 0, "axis": "y", "origin": [16, -5.989, 34]},
			"faces": {
				"east": {"uv": [15, 6.25, 14, 9], "texture": "#0"},
				"west": {"uv": [14, 6.25, 15, 9], "texture": "#0"}
			}
		},
		{
			"name": "Leg3A",
			"from": [6.99, -13.99, 15],
			"to": [7, -2.99, 19],
			"rotation": {"angle": 0, "axis": "y", "origin": [0, -5.989, 34]},
			"faces": {
				"east": {"uv": [15, 6.25, 14, 9], "texture": "#0"},
				"west": {"uv": [14, 6.25, 15, 9], "texture": "#0"}
			}
		},
		{
			"name": "Leg3A",
			"from": [9, -13.99, 0.99],
			"to": [13, -2.99, 1],
			"rotation": {"angle": 0, "axis": "y", "origin": [16, -5.989, 15.99]},
			"faces": {
				"north": {"uv": [16, 6.25, 15, 9], "texture": "#0"},
				"south": {"uv": [15, 6.25, 16, 9], "texture": "#0"}
			}
		},
		{
			"name": "Leg3A",
			"from": [3, -13.99, 0.99],
			"to": [7, -2.99, 1],
			"rotation": {"angle": 0, "axis": "y", "origin": [0, -5.989, 15.99]},
			"faces": {
				"north": {"uv": [15, 6.25, 16, 9], "texture": "#0"},
				"south": {"uv": [16, 6.25, 15, 9], "texture": "#0"}
			}
		},
		{
			"name": "Leg3A",
			"from": [9, -13.99, 18.99],
			"to": [13, -2.99, 19],
			"rotation": {"angle": 0, "axis": "y", "origin": [16, -5.989, 33.99]},
			"faces": {
				"north": {"uv": [16, 6.25, 15, 9], "texture": "#0"},
				"south": {"uv": [15, 6.25, 16, 9], "texture": "#0"}
			}
		},
		{
			"name": "Leg3A",
			"from": [3, -13.99, 18.99],
			"to": [7, -2.99, 19],
			"rotation": {"angle": 0, "axis": "y", "origin": [0, -5.989, 33.99]},
			"faces": {
				"north": {"uv": [15, 6.25, 16, 9], "texture": "#0"},
				"south": {"uv": [16, 6.25, 15, 9], "texture": "#0"}
			}
		},
		{
			"name": "Leg3A",
			"from": [9, -13.99, -3],
			"to": [13, -13.98, 1],
			"rotation": {"angle": 0, "axis": "y", "origin": [16, -5.989, 16]},
			"faces": {
				"up": {"uv": [15, 6.25, 14, 5.25], "texture": "#0"},
				"down": {"uv": [15, 5.25, 14, 6.25], "texture": "#0"}
			}
		},
		{
			"name": "Leg3A",
			"from": [3, -13.99, -3],
			"to": [7, -13.98, 1],
			"rotation": {"angle": 0, "axis": "y", "origin": [0, -5.989, 16]},
			"faces": {
				"up": {"uv": [14, 6.25, 15, 5.25], "texture": "#0"},
				"down": {"uv": [14, 5.25, 15, 6.25], "texture": "#0"}
			}
		},
		{
			"name": "Leg3A",
			"from": [9, -13.99, 15],
			"to": [13, -13.98, 19],
			"rotation": {"angle": 0, "axis": "y", "origin": [16, -5.989, 34]},
			"faces": {
				"up": {"uv": [15, 6.25, 14, 5.25], "texture": "#0"},
				"down": {"uv": [15, 5.25, 14, 6.25], "texture": "#0"}
			}
		},
		{
			"name": "Leg3A",
			"from": [3, -13.99, 15],
			"to": [7, -13.98, 19],
			"rotation": {"angle": 0, "axis": "y", "origin": [0, -5.989, 34]},
			"faces": {
				"up": {"uv": [14, 6.25, 15, 5.25], "texture": "#0"},
				"down": {"uv": [14, 5.25, 15, 6.25], "texture": "#0"}
			}
		},
		{
			"name": "Leg3A",
			"from": [12.99, -13.99, -3],
			"to": [13, -2.99, 1],
			"rotation": {"angle": 0, "axis": "y", "origin": [15.99, -5.989, 16]},
			"faces": {
				"east": {"uv": [12, 6.25, 13, 9], "texture": "#0"},
				"west": {"uv": [13, 6.25, 12, 9], "texture": "#0"}
			}
		},
		{
			"name": "Leg3A",
			"from": [3, -13.99, -3],
			"to": [3.01, -2.99, 1],
			"rotation": {"angle": 0, "axis": "y", "origin": [0.01, -5.989, 16]},
			"faces": {
				"east": {"uv": [12, 6.25, 13, 9], "texture": "#0"},
				"west": {"uv": [13, 6.25, 12, 9], "texture": "#0"}
			}
		},
		{
			"name": "Leg3A",
			"from": [12.99, -13.99, 15],
			"to": [13, -2.99, 19],
			"rotation": {"angle": 0, "axis": "y", "origin": [15.99, -5.989, 34]},
			"faces": {
				"east": {"uv": [12, 6.25, 13, 9], "texture": "#0"},
				"west": {"uv": [13, 6.25, 12, 9], "texture": "#0"}
			}
		},
		{
			"name": "Leg3A",
			"from": [3, -13.99, 15],
			"to": [3.01, -2.99, 19],
			"rotation": {"angle": 0, "axis": "y", "origin": [0.01, -5.989, 34]},
			"faces": {
				"east": {"uv": [12, 6.25, 13, 9], "texture": "#0"},
				"west": {"uv": [13, 6.25, 12, 9], "texture": "#0"}
			}
		},
		{
			"name": "Head",
			"from": [5, 22.03533, -4.50494],
			"to": [11, 22.04533, 2.49506],
			"shade": false,
			"rotation": {"angle": -22.5, "axis": "x", "origin": [8, 8, 8]},
			"faces": {
				"up": {"uv": [3.25, 5, 1.75, 3.25], "texture": "#0"},
				"down": {"uv": [3.25, 3.25, 1.75, 5], "texture": "#0"}
			}
		},
		{
			"name": "Head",
			"from": [10.99, 17.04457, -4.50877],
			"to": [11, 22.04457, 2.49123],
			"shade": false,
			"rotation": {"angle": -22.5, "axis": "x", "origin": [-0.01, 8.00924, 7.99617]},
			"faces": {
				"east": {"uv": [5, 5, 3.25, 6.25], "texture": "#0"},
				"west": {"uv": [1.75, 5, 0, 6.25], "texture": "#0"}
			}
		},
		{
			"name": "Head",
			"from": [5, 20.48872, -3.82368],
			"to": [11, 25.48872, -3.81368],
			"shade": false,
			"rotation": {"angle": -22.5, "axis": "x", "origin": [8, 8.00924, 16.99617]},
			"faces": {
				"north": {"uv": [3.25, 5, 1.75, 6.25], "texture": "#0"},
				"south": {"uv": [3.25, 5, 1.75, 6.25], "texture": "#0"}
			}
		},
		{
			"name": "Head",
			"from": [5, 9.00439, 0.88346],
			"to": [11, 14.00439, 0.89346],
			"shade": false,
			"rotation": {"angle": -22.5, "axis": "x", "origin": [8, 8.00541, -13.01307]},
			"faces": {
				"north": {"uv": [6.5, 5, 5, 6.25], "texture": "#0"},
				"east": {"uv": [5, 5, 3.25, 6.25], "texture": "#0"},
				"south": {"uv": [6.5, 5, 5, 6.25], "texture": "#0"},
				"west": {"uv": [1.75, 5, 0, 6.25], "texture": "#0"},
				"up": {"uv": [1.75, 5, 3.25, 3.25], "texture": "#0"},
				"down": {"uv": [3.25, 3.25, 4.75, 5], "texture": "#0"}
			}
		},
		{
			"name": "Head",
			"from": [5, 17.03533, -4.50494],
			"to": [11, 17.04533, 2.49506],
			"shade": false,
			"rotation": {"angle": -22.5, "axis": "x", "origin": [8, 8, 8]},
			"faces": {
				"north": {"uv": [3.25, 5, 1.75, 6.25], "texture": "#0"},
				"east": {"uv": [5, 5, 3.25, 6.25], "texture": "#0"},
				"south": {"uv": [6.5, 5, 5, 6.25], "texture": "#0"},
				"west": {"uv": [1.75, 5, 0, 6.25], "texture": "#0"},
				"up": {"uv": [3.25, 5, 4.75, 3.25], "texture": "#0"},
				"down": {"uv": [3.25, 3.25, 4.75, 5], "texture": "#0"}
			}
		},
		{
			"name": "Head",
			"from": [5, 17.04457, -4.50877],
			"to": [5.01, 22.04457, 2.49123],
			"shade": false,
			"rotation": {"angle": -22.5, "axis": "x", "origin": [22, 8.00924, 7.99617]},
			"faces": {
				"east": {"uv": [5, 5, 3.25, 6.25], "texture": "#0"},
				"west": {"uv": [1.75, 5, 0, 6.25], "texture": "#0"}
			}
		},
		{
			"name": "UMouth",
			"from": [6, 17.04457, -9.50877],
			"to": [10, 22.04457, -9.49877],
			"shade": false,
			"rotation": {"angle": -22.5, "axis": "x", "origin": [15, 8.00924, 7.99617]},
			"faces": {
				"north": {"uv": [2.25, 7.5, 1.25, 8.75], "texture": "#0"},
				"south": {"uv": [2.25, 7.5, 1.25, 8.75], "texture": "#0"}
			}
		},
		{
			"name": "UMouth",
			"from": [6, 22.03533, -9.50494],
			"to": [10, 22.04533, -4.50494],
			"shade": false,
			"rotation": {"angle": -22.5, "axis": "x", "origin": [7, 8, 8]},
			"faces": {
				"up": {"uv": [2.25, 7.5, 1.25, 6.25], "texture": "#0"},
				"down": {"uv": [2.25, 6.25, 1.25, 7.5], "texture": "#0"}
			}
		},
		{
			"name": "UMouth",
			"from": [6, 17.04074, -4.51801],
			"to": [10, 22.04074, -4.50801],
			"shade": false,
			"rotation": {"angle": -22.5, "axis": "x", "origin": [0, 8.00541, 7.98693]},
			"faces": {
				"north": {"uv": [3.5, 7.5, 4.5, 8.75], "texture": "#0"},
				"south": {"uv": [4.5, 7.5, 3.5, 8.75], "texture": "#0"}
			}
		},
		{
			"name": "UMouth",
			"from": [6, 17.04457, -9.50877],
			"to": [10, 17.05457, -4.50877],
			"shade": false,
			"rotation": {"angle": -22.5, "axis": "x", "origin": [9, 8.00924, 7.99617]},
			"faces": {
				"up": {"uv": [2.25, 7.5, 3.25, 6.25], "texture": "#0"},
				"down": {"uv": [2.25, 6.25, 3.25, 7.5], "texture": "#0"}
			}
		},
		{
			"name": "UMouth",
			"from": [6, 17.04457, -9.50877],
			"to": [6.01, 22.04457, -4.50877],
			"shade": false,
			"rotation": {"angle": -22.5, "axis": "x", "origin": [6, 8.00924, 7.99617]},
			"faces": {
				"east": {"uv": [3.5, 7.5, 2.25, 8.75], "texture": "#0"},
				"west": {"uv": [1.25, 7.5, 0, 8.75], "texture": "#0"}
			}
		},
		{
			"name": "UMouth",
			"from": [9.99, 17.04457, -9.50877],
			"to": [10, 22.04457, -4.50877],
			"shade": false,
			"rotation": {"angle": -22.5, "axis": "x", "origin": [8.99, 8.00924, 7.99617]},
			"faces": {
				"east": {"uv": [3.5, 7.5, 2.25, 8.75], "texture": "#0"},
				"west": {"uv": [1.25, 7.5, 0, 8.75], "texture": "#0"}
			}
		},
		{
			"name": "Neck",
			"from": [6, 1.20467, 1.72462],
			"to": [10, 13.20467, 1.73462],
			"shade": false,
			"rotation": {"angle": -22.5, "axis": "x", "origin": [8, 7.99617, -2.00924]},
			"faces": {
				"north": {"uv": [5.5, 10.5, 4.5, 13.5], "texture": "#0"},
				"east": {"uv": [4.5, 10.5, 2.75, 13.5], "texture": "#0"},
				"south": {"uv": [5.5, 10.5, 4.5, 13.5], "texture": "#0"},
				"west": {"uv": [1.75, 10.5, 0, 13.5], "texture": "#0"},
				"up": {"uv": [1.75, 10.5, 2.75, 8.75], "texture": "#0"},
				"down": {"uv": [2.75, 8.75, 3.75, 10.5], "texture": "#0"}
			}
		},
		{
			"name": "Neck",
			"from": [9.99, 5.03533, -4.50494],
			"to": [10, 17.03533, 2.49506],
			"shade": false,
			"rotation": {"angle": -22.5, "axis": "x", "origin": [8, 8, 8]},
			"faces": {
				"north": {"uv": [2.75, 10.5, 1.75, 13.5], "texture": "#0"},
				"east": {"uv": [4.5, 10.5, 2.75, 13.5], "texture": "#0"},
				"south": {"uv": [5.5, 10.5, 5.25, 13.5], "texture": "#0"},
				"west": {"uv": [1.75, 10.5, 0, 13.5], "texture": "#0"},
				"up": {"uv": [1.75, 10.5, 2.75, 8.75], "texture": "#0"},
				"down": {"uv": [2.75, 8.75, 3.75, 10.5], "texture": "#0"}
			}
		},
		{
			"name": "Neck",
			"from": [6, 5.03533, -4.50494],
			"to": [6.01, 17.03533, 2.49506],
			"shade": false,
			"rotation": {"angle": -22.5, "axis": "x", "origin": [8, 8, 8]},
			"faces": {
				"north": {"uv": [2.75, 10.5, 1.75, 13.5], "texture": "#0"},
				"east": {"uv": [4.5, 10.5, 2.75, 13.5], "texture": "#0"},
				"south": {"uv": [5.5, 10.5, 5.25, 13.5], "texture": "#0"},
				"west": {"uv": [1.75, 10.5, 0, 13.5], "texture": "#0"},
				"up": {"uv": [1.75, 10.5, 2.75, 8.75], "texture": "#0"},
				"down": {"uv": [2.75, 8.75, 3.75, 10.5], "texture": "#0"}
			}
		},
		{
			"name": "Mane",
			"from": [9, 6.03533, 2.49506],
			"to": [9.01, 22.03533, 4.49506],
			"shade": false,
			"rotation": {"angle": -22.5, "axis": "x", "origin": [8, 8, 8]},
			"faces": {
				"north": {"uv": [15, 9.5, 14.5, 13.5], "texture": "#0"},
				"east": {"uv": [15.5, 9.5, 15, 13.5], "texture": "#0"},
				"south": {"uv": [16, 9.5, 15.5, 13.5], "texture": "#0"},
				"west": {"uv": [14.5, 9.5, 14, 13.5], "texture": "#0"},
				"up": {"uv": [14.5, 9.5, 15, 9], "texture": "#0"},
				"down": {"uv": [15, 9, 15.5, 9.5], "texture": "#0"}
			}
		},
		{
			"name": "Mane",
			"from": [7, 6.03533, 2.49506],
			"to": [7.01, 22.03533, 4.49506],
			"shade": false,
			"rotation": {"angle": -22.5, "axis": "x", "origin": [8, 8, 8]},
			"faces": {
				"north": {"uv": [15, 9.5, 14.5, 13.5], "texture": "#0"},
				"east": {"uv": [15.5, 9.5, 15, 13.5], "texture": "#0"},
				"south": {"uv": [16, 9.5, 15.5, 13.5], "texture": "#0"},
				"west": {"uv": [14.5, 9.5, 14, 13.5], "texture": "#0"},
				"up": {"uv": [14.5, 9.5, 15, 9], "texture": "#0"},
				"down": {"uv": [15, 9, 15.5, 9.5], "texture": "#0"}
			}
		}
	],
	"display": {
		"thirdperson_righthand": {
			"rotation": [50, 50, 0],
			"translation": [-1.5, 2, 0.5],
			"scale": [0.3, 0.3, 0.3]
		},
		"thirdperson_lefthand": {
			"rotation": [50, 50, 0],
			"translation": [-1.5, 2, 0.5],
			"scale": [0.3, 0.3, 0.3]
		},
		"firstperson_righthand": {
			"rotation": [10, 115, -10],
			"translation": [2.25, 5.25, 0],
			"scale": [0.3, 0.3, 0.3]
		},
		"firstperson_lefthand": {
			"rotation": [10, 115, -10],
			"translation": [2.25, 5.75, 0],
			"scale": [0.3, 0.3, 0.3]
		},
		"ground": {
			"translation": [0, 6.5, 0],
			"scale": [0.3, 0.3, 0.3]
		},
		"gui": {
			"rotation": [20, 135, 0],
			"translation": [1, 3.25, 0],
			"scale": [0.45, 0.45, 0.45]
		},
		"head": {
			"translation": [0, 17.4, 0],
			"scale": [0.5, 0.5, 0.5]
		},
		"fixed": {
			"rotation": [-90, 0, 0],
			"translation": [0, 0, -22]
		}
	},
	"groups": [
		{
			"name": "Body",
			"shade": false,
			"origin": [0, 13, 9],
			"children": [0, 1, 2, 3, 4, 5]
		},
		{
			"name": "TailA",
			"shade": false,
			"origin": [0, 20, 11],
			"rotation": [-30, 0, 0],
			"children": []
		},
		{
			"name": "Leg1A",
			"shade": false,
			"origin": [3, 11, 9],
			"children": []
		},
		{
			"name": "Leg2A",
			"shade": false,
			"origin": [-3, 11, 9],
			"children": []
		},
		{
			"name": "Leg3A",
			"shade": false,
			"origin": [3, 11, -9],
			"children": [6, 7, 8, 9, 10, 11, 12, 13, 14, 15, 16, 17, 18, 19, 20, 21, 22, 23, 24, 25, 26, 27, 28, 29]
		},
		{
			"name": "Leg4A",
			"shade": false,
			"origin": [-3, 11, -9],
			"children": []
		},
		{
			"name": "Head",
			"shade": false,
			"origin": [0, 28, -11],
			"rotation": [-30, 0, 0],
			"children": [30, 31, 32, 33, 34, 35]
		},
		{
			"name": "UMouth",
			"shade": false,
			"origin": [0, 28, -11],
			"rotation": [-30, 0, 0],
			"children": [36, 37, 38, 39, 40, 41]
		},
		{
			"name": "Ear1",
			"shade": false,
			"origin": [0, 17, -8],
			"rotation": [-30, 0, 5],
			"children": []
		},
		{
			"name": "Ear2",
			"shade": false,
			"origin": [0, 17, -8],
			"rotation": [-30, 0, -5],
			"children": []
		},
		{
			"name": "MuleEarL",
			"shade": false,
			"origin": [0, 17, -8],
			"rotation": [-30, 0, 15],
			"children": []
		},
		{
			"name": "MuleEarR",
			"shade": false,
			"origin": [0, 17, -8],
			"rotation": [-30, 0, -15],
			"children": []
		},
		{
			"name": "Neck",
			"shade": false,
			"origin": [0, 17, -8],
			"rotation": [-30, 0, 0],
			"children": [42, 43, 44]
		},
		{
			"name": "Bag1",
			"shade": false,
			"origin": [-5, 21, 11],
			"rotation": [0, -90, 0],
			"children": []
		},
		{
			"name": "Bag2",
			"shade": false,
			"origin": [5, 21, 11],
			"rotation": [0, 90, 0],
			"children": []
		},
		{
			"name": "Saddle",
			"shade": false,
			"origin": [0, 22, 2],
			"children": []
		},
		{
			"name": "SaddleMouthL",
			"shade": false,
			"origin": [0, 17, -8],
			"rotation": [-30, 0, 0],
			"children": []
		},
		{
			"name": "SaddleMouthR",
			"shade": false,
			"origin": [0, 17, -8],
			"rotation": [-30, 0, 0],
			"children": []
		},
		{
			"name": "SaddleMouthLine",
			"shade": false,
			"origin": [0, 17, -8],
			"children": []
		},
		{
			"name": "SaddleMouthLineR",
			"shade": false,
			"origin": [0, 17, -8],
			"children": []
		},
		{
			"name": "Mane",
			"shade": false,
			"origin": [0, 17, -8],
			"rotation": [-30, 0, 0],
			"children": [45, 46]
		},
		{
			"name": "HeadSaddle",
			"shade": false,
			"origin": [0, 17, -8],
			"rotation": [-30, 0, 0],
			"children": []
		}
	]
}