{
	"credit": "Made by quangei",
	"textures": {
		"0": "textures/temperate_frog.png",
		"particle": "textures/temperate_frog.png"
	},
	"elements": [
		{
			"from": [8.5, 6, 4.5],
			"to": [11.5, 8, 7.5],
			"faces": {
				"north": {"uv": [1, 1, 2, 1.66667], "texture": "#0"},
				"east": {"uv": [0, 1, 1, 1.66667], "texture": "#0"},
				"south": {"uv": [3, 1, 4, 1.66667], "texture": "#0"},
				"west": {"uv": [2, 1, 3, 1.66667], "texture": "#0"},
				"up": {"uv": [2, 1, 1, 0], "texture": "#0"},
				"down": {"uv": [3, 0, 2, 1], "texture": "#0"}
			}
		},
		{
			"from": [4.5, 6, 4.5],
			"to": [7.5, 8, 7.5],
			"faces": {
				"north": {"uv": [1, 2.66667, 2, 3.33333], "texture": "#0"},
				"east": {"uv": [0, 2.66667, 1, 3.33333], "texture": "#0"},
				"south": {"uv": [3, 2.66667, 4, 3.33333], "texture": "#0"},
				"west": {"uv": [2, 2.66667, 3, 3.33333], "texture": "#0"},
				"up": {"uv": [2, 2.66667, 1, 1.66667], "texture": "#0"},
				"down": {"uv": [3, 1.66667, 2, 2.66667], "texture": "#0"}
			}
		},
		{
			"from": [4.5, 3, 3.5],
			"to": [11.5, 6, 12.5],
			"faces": {
				"north": {"uv": [3, 7.33333, 5.33333, 8.33333], "texture": "#0"},
				"east": {"uv": [0, 7.33333, 3, 8.33333], "texture": "#0"},
				"south": {"uv": [8.33333, 7.33333, 10.66667, 8.33333], "texture": "#0"},
				"west": {"uv": [5.33333, 7.33333, 8.33333, 8.33333], "texture": "#0"},
				"up": {"uv": [5.33333, 7.33333, 3, 4.33333], "texture": "#0"},
				"down": {"uv": [7.66667, 4.33333, 5.33333, 7.33333], "texture": "#0"}
			}
		},
		{
			"from": [4.5, 1, 3.5],
			"to": [11.5, 4, 12.5],
			"faces": {
				"north": {"uv": [4, 3.33333, 6.33333, 4.33333], "texture": "#0"},
				"east": {"uv": [1, 3.33333, 4, 4.33333], "texture": "#0"},
				"south": {"uv": [9.33333, 3.33333, 11.66667, 4.33333], "texture": "#0"},
				"west": {"uv": [6.33333, 3.33333, 9.33333, 4.33333], "texture": "#0"},
				"up": {"uv": [6.33333, 3.33333, 4, 0.33333], "texture": "#0"},
				"down": {"uv": [8.66667, 0.33333, 6.33333, 3.33333], "texture": "#0"}
			}
		},
		{
			"from": [10.5, 0, 9.5],
			"to": [13.5, 3, 13.5],
			"faces": {
				"north": {"uv": [1.33333, 9.66667, 2.33333, 10.66667], "texture": "#0"},
				"east": {"uv": [0, 9.66667, 1.33333, 10.66667], "texture": "#0"},
				"south": {"uv": [3.66667, 9.66667, 4.66667, 10.66667], "texture": "#0"},
				"west": {"uv": [2.33333, 9.66667, 3.66667, 10.66667], "texture": "#0"},
				"up": {"uv": [2.33333, 9.66667, 1.33333, 8.33333], "texture": "#0"},
				"down": {"uv": [3.33333, 8.33333, 2.33333, 9.66667], "texture": "#0"}
			}
		},
		{
			"from": [2.5, 0, 9.5],
			"to": [5.5, 3, 13.5],
			"faces": {
				"north": {"uv": [6, 9.66667, 7, 10.66667], "texture": "#0"},
				"east": {"uv": [4.66667, 9.66667, 6, 10.66667], "texture": "#0"},
				"south": {"uv": [8.33333, 9.66667, 9.33333, 10.66667], "texture": "#0"},
				"west": {"uv": [7, 9.66667, 8.33333, 10.66667], "texture": "#0"},
				"up": {"uv": [7, 9.66667, 6, 8.33333], "texture": "#0"},
				"down": {"uv": [8, 8.33333, 7, 9.66667], "texture": "#0"}
			}
		},
		{
			"from": [6, 3, 5.5],
			"to": [10, 3, 12.5],
			"faces": {
				"north": {"uv": [8, 6.66667, 9.33333, 6.66667], "texture": "#0"},
				"east": {"uv": [5.66667, 6.66667, 8, 6.66667], "texture": "#0"},
				"south": {"uv": [11.66667, 6.66667, 13, 6.66667], "texture": "#0"},
				"west": {"uv": [9.33333, 6.66667, 11.66667, 6.66667], "texture": "#0"},
				"up": {"uv": [9.33333, 6.66667, 8, 4.33333], "texture": "#0"},
				"down": {"uv": [10.66667, 4.33333, 9.33333, 6.66667], "texture": "#0"}
			}
		},
		{
			"from": [4.5, 5, 3.5],
			"to": [11.5, 5, 12.5],
			"faces": {
				"north": {"uv": [10.66667, 7.33333, 13, 7.33333], "texture": "#0"},
				"east": {"uv": [7.66667, 7.33333, 10.66667, 7.33333], "texture": "#0"},
				"south": {"uv": [16, 7.33333, 18.33333, 7.33333], "texture": "#0"},
				"west": {"uv": [13, 7.33333, 16, 7.33333], "texture": "#0"},
				"up": {"uv": [13, 7.33333, 10.66667, 4.33333], "texture": "#0"},
				"down": {"uv": [15.33333, 4.33333, 13, 7.33333], "texture": "#0"}
			}
		},
		{
			"from": [4.5, 3, 3.5],
			"to": [11.5, 3, 12.5],
			"faces": {
				"north": {"uv": [10.66667, 10.33333, 13, 10.33333], "texture": "#0"},
				"east": {"uv": [7.66667, 10.33333, 10.66667, 10.33333], "texture": "#0"},
				"south": {"uv": [16, 10.33333, 18.33333, 10.33333], "texture": "#0"},
				"west": {"uv": [13, 10.33333, 16, 10.33333], "texture": "#0"},
				"up": {"uv": [13, 10.33333, 10.66667, 7.33333], "texture": "#0"},
				"down": {"uv": [15.33333, 7.33333, 13, 10.33333], "texture": "#0"}
			}
		},
		{
			"from": [3.5, 0, 4],
			"to": [5.5, 3, 7],
			"faces": {
				"north": {"uv": [1, 11.66667, 1.66667, 12.66667], "texture": "#0"},
				"east": {"uv": [0, 11.66667, 1, 12.66667], "texture": "#0"},
				"south": {"uv": [2.66667, 11.66667, 3.33333, 12.66667], "texture": "#0"},
				"west": {"uv": [1.66667, 11.66667, 2.66667, 12.66667], "texture": "#0"},
				"up": {"uv": [1.66667, 11.66667, 1, 10.66667], "texture": "#0"},
				"down": {"uv": [2.33333, 10.66667, 1.66667, 11.66667], "texture": "#0"}
			}
		},
		{
			"from": [10.5, 0, 4],
			"to": [12.5, 3, 7],
			"faces": {
				"north": {"uv": [1, 13.66667, 1.66667, 14.66667], "texture": "#0"},
				"east": {"uv": [0, 13.66667, 1, 14.66667], "texture": "#0"},
				"south": {"uv": [2.66667, 13.66667, 3.33333, 14.66667], "texture": "#0"},
				"west": {"uv": [1.66667, 13.66667, 2.66667, 14.66667], "texture": "#0"},
				"up": {"uv": [1.66667, 13.66667, 1, 12.66667], "texture": "#0"},
				"down": {"uv": [2.33333, 12.66667, 1.66667, 13.66667], "texture": "#0"}
			}
		},
		{
			"from": [-1.5, 0, 8.5],
			"to": [6.5, 0.001, 16.5],
			"faces": {
				"north": {"uv": [3.33333, 13.33333, 6, 13.33333], "texture": "#0"},
				"east": {"uv": [0.66667, 13.33333, 3.33333, 13.33333], "texture": "#0"},
				"south": {"uv": [8.66667, 13.33333, 11.33333, 13.33333], "texture": "#0"},
				"west": {"uv": [6, 13.33333, 8.66667, 13.33333], "texture": "#0"},
				"up": {"uv": [6, 13.33333, 3.33333, 10.66667], "texture": "#0"},
				"down": {"uv": [6, 10.66667, 3.33333, 13.33333], "texture": "#0"}
			}
		},
		{
			"from": [9.5, 0, 8.5],
			"to": [17.5, 0.001, 16.5],
			"faces": {
				"north": {"uv": [8.66667, 13.33333, 11.33333, 13.33333], "texture": "#0"},
				"east": {"uv": [6, 13.33333, 8.66667, 13.33333], "texture": "#0"},
				"south": {"uv": [14, 13.33333, 16.66667, 13.33333], "texture": "#0"},
				"west": {"uv": [11.33333, 13.33333, 14, 13.33333], "texture": "#0"},
				"up": {"uv": [11.33333, 13.33333, 8.66667, 10.66667], "texture": "#0"},
				"down": {"uv": [11.33333, 10.66667, 8.66667, 13.33333], "texture": "#0"}
			}
		},
		{
			"from": [7.5, 0, 1],
			"to": [15.5, 0.001, 9],
			"faces": {
				"north": {"uv": [3.33333, 16, 6, 16], "texture": "#0"},
				"east": {"uv": [0.66667, 16, 3.33333, 16], "texture": "#0"},
				"south": {"uv": [8.66667, 16, 11.33333, 16], "texture": "#0"},
				"west": {"uv": [6, 16, 8.66667, 16], "texture": "#0"},
				"up": {"uv": [6, 16, 3.33333, 13.33333], "texture": "#0"},
				"down": {"uv": [6, 13.33333, 3.33333, 16], "texture": "#0"}
			}
		},
		{
			"from": [0.5, 0, 1],
			"to": [8.5, 0.001, 9],
			"faces": {
				"north": {"uv": [8.66667, 16, 11.33333, 16], "texture": "#0"},
				"east": {"uv": [6, 16, 8.66667, 16], "texture": "#0"},
				"south": {"uv": [14, 16, 16.66667, 16], "texture": "#0"},
				"west": {"uv": [11.33333, 16, 14, 16], "texture": "#0"},
				"up": {"uv": [11.33333, 16, 8.66667, 13.33333], "texture": "#0"},
				"down": {"uv": [11.33333, 13.33333, 8.66667, 16], "texture": "#0"}
			}
		}
	],
	"display": {
		"thirdperson_righthand": {
			"rotation": [50, 50, 0],
			"translation": [-0.25, 2.75, 1],
			"scale": [0.35, 0.35, 0.35]
		},
		"thirdperson_lefthand": {
			"rotation": [50, 50, 0],
			"translation": [-0.25, 2.75, 1],
			"scale": [0.35, 0.35, 0.35]
		},
		"firstperson_righthand": {
			"rotation": [10, 115, -10],
			"translation": [1.5, 4.5, 0],
			"scale": [0.4, 0.4, 0.4]
		},
		"firstperson_lefthand": {
			"rotation": [10, 115, -10],
			"translation": [1.5, 4.5, 0],
			"scale": [0.4, 0.4, 0.4]
		},
		"ground": {
			"translation": [0, 3, 0],
			"scale": [0.35, 0.35, 0.35]
		},
		"gui": {
			"rotation": [25, 145, 0],
			"translation": [-1, 4.5, 0]
		},
		"head": {
			"translation": [0, 10.5, 0],
			"scale": [0.5, 0.5, 0.5]
		},
		"fixed": {
			"rotation": [-90, 0, 0],
			"translation": [0, 0, -8]
		}
	}
}