{
	"credit": "Made by quangei",
	"textures": {
		"1": "textures/warden",
		"2": "textures/warden_heart"
	},
	"elements": [
		{
			"from": [10, 0, 6],
			"to": [13, 6.5, 9],
			"faces": {
				"north": {"uv": [10.25, 6.75, 11, 8.375], "texture": "#1"},
				"east": {"uv": [9.5, 6.75, 10.25, 8.375], "texture": "#1"},
				"south": {"uv": [11.75, 6.75, 12.5, 8.375], "texture": "#1"},
				"west": {"uv": [11, 6.75, 11.75, 8.375], "texture": "#1"},
				"up": {"uv": [11, 6.75, 10.25, 6], "texture": "#1"},
				"down": {"uv": [11.75, 6, 11, 6.75], "texture": "#1"}
			}
		},
		{
			"from": [4, 0, 6],
			"to": [7, 6.5, 9],
			"faces": {
				"north": {"uv": [10.25, 10.25, 11, 11.875], "texture": "#1"},
				"east": {"uv": [9.5, 10.25, 10.25, 11.875], "texture": "#1"},
				"south": {"uv": [11.75, 10.25, 12.5, 11.875], "texture": "#1"},
				"west": {"uv": [11, 10.25, 11.75, 11.875], "texture": "#1"},
				"up": {"uv": [11, 10.25, 10.25, 9.5], "texture": "#1"},
				"down": {"uv": [11.75, 9.5, 11, 10.25], "texture": "#1"}
			}
		},
		{
			"from": [4, 6.5, 5.5],
			"to": [13, 17, 11],
			"faces": {
				"north": {"uv": [1.375, 1.375, 3.625, 4], "texture": "#1"},
				"east": {"uv": [0, 1.375, 1.375, 4], "texture": "#1"},
				"south": {"uv": [5, 1.375, 7.25, 4], "texture": "#1"},
				"west": {"uv": [3.625, 1.375, 5, 4], "texture": "#1"},
				"up": {"uv": [3.625, 1.375, 1.375, 0], "texture": "#1"},
				"down": {"uv": [5.875, 0, 3.625, 1.375], "texture": "#1"}
			}
		},
		{
			"from": [4, 6.5, 5.499],
			"to": [13, 17, 5.499],
			"faces": {
				"north": {"uv": [1.375, 1.375, 3.625, 4], "texture": "#2"},
				"east": {"uv": [0, 1.375, 1.375, 4], "texture": "#2"},
				"south": {"uv": [5, 1.375, 7.25, 4], "texture": "#2"},
				"west": {"uv": [3.625, 1.375, 5, 4], "texture": "#2"},
				"up": {"uv": [3.625, 1.375, 1.375, 0], "texture": "#2"},
				"down": {"uv": [5.875, 0, 3.625, 1.375], "texture": "#2"}
			}
		},
		{
			"from": [4.5, 17, 5],
			"to": [12.5, 25, 10],
			"faces": {
				"north": {"uv": [1.25, 5.25, 3.25, 7.25], "texture": "#1"},
				"east": {"uv": [0, 5.25, 1.25, 7.25], "texture": "#1"},
				"south": {"uv": [4.5, 5.25, 6.5, 7.25], "texture": "#1"},
				"west": {"uv": [3.25, 5.25, 4.5, 7.25], "texture": "#1"},
				"up": {"uv": [3.25, 5.25, 1.25, 4], "texture": "#1"},
				"down": {"uv": [5.25, 4, 3.25, 5.25], "texture": "#1"}
			}
		},
		{
			"from": [13, 3, 6],
			"to": [17, 17, 10],
			"faces": {
				"north": {"uv": [6.5, 7.25, 7.5, 10.75], "texture": "#1"},
				"east": {"uv": [5.5, 7.25, 6.5, 10.75], "texture": "#1"},
				"south": {"uv": [8.5, 7.25, 9.5, 10.75], "texture": "#1"},
				"west": {"uv": [7.5, 7.25, 8.5, 10.75], "texture": "#1"},
				"up": {"uv": [7.5, 7.25, 6.5, 6.25], "texture": "#1"},
				"down": {"uv": [8.5, 6.25, 7.5, 7.25], "texture": "#1"}
			}
		},
		{
			"from": [0, 3, 6],
			"to": [4, 17, 10],
			"faces": {
				"north": {"uv": [1, 8.25, 2, 11.75], "texture": "#1"},
				"east": {"uv": [0, 8.25, 1, 11.75], "texture": "#1"},
				"south": {"uv": [3, 8.25, 4, 11.75], "texture": "#1"},
				"west": {"uv": [2, 8.25, 3, 11.75], "texture": "#1"},
				"up": {"uv": [2, 8.25, 1, 7.25], "texture": "#1"},
				"down": {"uv": [3, 7.25, 2, 8.25], "texture": "#1"}
			}
		},
		{
			"from": [12.5, 21.5, 7.5],
			"to": [20.5, 29.5, 7.51],
			"faces": {
				"north": {"uv": [6.5, 4, 8.5, 6], "texture": "#1"},
				"east": {"uv": [0, 0, 0, 0], "texture": "#1"},
				"south": {"uv": [8.5, 4, 6.5, 6], "texture": "#1"},
				"west": {"uv": [0, 0, 0, 0], "texture": "#1"},
				"up": {"uv": [0, 0, 0, 0], "texture": "#1"},
				"down": {"uv": [0, 0, 0, 0], "texture": "#1"}
			}
		},
		{
			"from": [-3.5, 21.5, 7.5],
			"to": [4.5, 29.5, 7.51],
			"faces": {
				"north": {"uv": [7.25, 0, 9.25, 2], "texture": "#1"},
				"east": {"uv": [0, 0, 0, 0], "texture": "#1"},
				"south": {"uv": [9.25, 0, 7.25, 2], "texture": "#1"},
				"west": {"uv": [0, 0, 0, 0], "texture": "#1"},
				"up": {"uv": [0, 0, 0, 0], "texture": "#1"},
				"down": {"uv": [0, 0, 0, 0], "texture": "#1"}
			}
		}
	],
	"display": {
		"thirdperson_righthand": {
			"rotation": [50, 50, 0],
			"translation": [1.5, 3, 3],
			"scale": [0.6, 0.6, 0.6]
		},
		"thirdperson_lefthand": {
			"rotation": [50, 50, 0],
			"translation": [1.5, 3, 3],
			"scale": [0.6, 0.6, 0.6]
		},
		"firstperson_righthand": {
			"rotation": [10, 115, -10],
			"translation": [0.5, 2.25, 0.5],
			"scale": [0.4, 0.4, 0.4]
		},
		"firstperson_lefthand": {
			"rotation": [10, 115, -10],
			"translation": [0.5, 2.25, 0.5],
			"scale": [0.4, 0.4, 0.4]
		},
		"ground": {
			"translation": [0, 3, 0],
			"scale": [0.6, 0.6, 0.6]
		},
		"gui": {
			"rotation": [25, 135, 0],
			"translation": [0, -2.75, 0],
			"scale": [0.6, 0.6, 0.6]
		},
		"head": {
			"translation": [-0.5, 14.5, 0]
		},
		"fixed": {
			"rotation": [-90, 0, 0],
			"translation": [-1, 0, -16],
			"scale": [2, 2, 2]
		}
	}
}