{
	"credit": "Made by quangei",
	"textures": {
		"1": "mob_totem/golden_sword",
		"2": "mob_totem/zombified_piglin"
	},
	"elements": [
		{
			"name": "body",
			"from": [3.9, -3.1, 7.9],
			"to": [12.1, 9.1, 12.1],
			"shade": false,
			"rotation": {"angle": 0, "axis": "y", "origin": [16, -7, 18]},
			"faces": {
				"north": {"uv": [5, 5, 7, 8], "texture": "#2"},
				"east": {"uv": [4, 5, 5, 8], "texture": "#2"},
				"south": {"uv": [8, 5, 10, 8], "texture": "#2"},
				"west": {"uv": [7, 5, 8, 8], "texture": "#2"},
				"up": {"uv": [5, 5, 7, 4], "texture": "#2"},
				"down": {"uv": [7, 4, 9, 5], "texture": "#2"}
			}
		},
		{
			"from": [5, 9, 5],
			"to": [6, 11, 6],
			"rotation": {"angle": 0, "axis": "y", "origin": [13, 17, 13]},
			"faces": {
				"north": {"uv": [0.75, 0.25, 1, 0.75], "texture": "#2"},
				"east": {"uv": [1, 0.25, 1.25, 0.75], "texture": "#2"},
				"south": {"uv": [0.5, 0.25, 0.75, 0.75], "texture": "#2"},
				"west": {"uv": [1, 0.25, 1.25, 0.75], "texture": "#2"},
				"up": {"uv": [1, 0, 1.25, 0.25], "texture": "#2"},
				"down": {"uv": [0.75, 0, 1, 0.25], "texture": "#2"}
			}
		},
		{
			"from": [10, 9, 5],
			"to": [11, 11, 6],
			"rotation": {"angle": 0, "axis": "y", "origin": [18, 17, 13]},
			"faces": {
				"north": {"uv": [0.75, 0.25, 1, 0.75], "texture": "#2"},
				"east": {"uv": [1, 0.25, 1.25, 0.75], "texture": "#2"},
				"south": {"uv": [0.5, 0.25, 0.75, 0.75], "texture": "#2"},
				"west": {"uv": [1, 0.25, 1.25, 0.75], "texture": "#2"},
				"up": {"uv": [1, 0, 1.25, 0.25], "texture": "#2"},
				"down": {"uv": [0.75, 0, 1, 0.25], "texture": "#2"}
			}
		},
		{
			"name": "head",
			"from": [3, 9, 6],
			"to": [13, 17, 14],
			"shade": false,
			"rotation": {"angle": 0, "axis": "y", "origin": [0, -7, 18]},
			"faces": {
				"north": {"uv": [2, 2, 4.5, 4], "texture": "#2"},
				"east": {"uv": [0, 2, 2, 4], "texture": "#2"},
				"south": {"uv": [6.5, 2, 9, 4], "texture": "#2"},
				"west": {"uv": [4.5, 2, 6.5, 4], "texture": "#2"},
				"up": {"uv": [4.5, 2, 2, 0], "texture": "#2"},
				"down": {"uv": [7, 0, 4.5, 2], "texture": "#2"}
			}
		},
		{
			"from": [6, 9, 5],
			"to": [10, 13, 6],
			"rotation": {"angle": 0, "axis": "y", "origin": [17, 17, 13]},
			"faces": {
				"north": {"uv": [8, 0.5, 9, 1.5], "texture": "#2"},
				"east": {"uv": [7.75, 0.5, 8, 1.5], "texture": "#2"},
				"south": {"uv": [9.25, 0.5, 10.25, 1.5], "texture": "#2"},
				"west": {"uv": [9, 0.5, 9.25, 1.5], "texture": "#2"},
				"up": {"uv": [8, 0.25, 9, 0.5], "texture": "#2"},
				"down": {"uv": [9, 0.25, 10, 0.5], "texture": "#2"}
			}
		},
		{
			"name": "leftArm",
			"from": [12, 5, 0],
			"to": [16, 9, 12],
			"rotation": {"angle": 0, "axis": "x", "origin": [16, -1, -4]},
			"faces": {
				"north": {"uv": [13, 4, 12, 5], "rotation": 180, "texture": "#2"},
				"east": {"uv": [10, 5, 11, 8], "rotation": 270, "texture": "#2"},
				"south": {"uv": [12, 5, 11, 4], "texture": "#2"},
				"west": {"uv": [12, 5, 13, 8], "rotation": 90, "texture": "#2"},
				"up": {"uv": [11, 5, 12, 8], "rotation": 180, "texture": "#2"},
				"down": {"uv": [13, 5, 14, 8], "texture": "#2"}
			}
		},
		{
			"name": "rightArm",
			"from": [0, 5, 0],
			"to": [4, 9, 12],
			"shade": false,
			"rotation": {"angle": 0, "axis": "x", "origin": [-12, -1, -4]},
			"faces": {
				"north": {"uv": [11, 12, 10, 13], "rotation": 180, "texture": "#2"},
				"east": {"uv": [8, 13, 9, 16], "rotation": 270, "texture": "#2"},
				"south": {"uv": [10, 13, 9, 12], "texture": "#2"},
				"west": {"uv": [10, 13, 11, 16], "rotation": 90, "texture": "#2"},
				"up": {"uv": [9, 13, 10, 16], "rotation": 180, "texture": "#2"},
				"down": {"uv": [11, 13, 12, 16], "texture": "#2"}
			}
		},
		{
			"from": [3.25, 7, 8],
			"to": [4.25, 12, 12],
			"rotation": {"angle": -22.5, "axis": "z", "origin": [11.25, 15, 16]},
			"faces": {
				"north": {"uv": [13.75, 2.5, 14, 3.75], "texture": "#2"},
				"east": {"uv": [13.75, 2.5, 12.75, 3.75], "texture": "#2"},
				"south": {"uv": [15, 2.5, 15.25, 3.75], "texture": "#2"},
				"west": {"uv": [14, 2.5, 15, 3.75], "texture": "#2"},
				"up": {"uv": [13.75, 1.5, 14, 2.5], "texture": "#2"},
				"down": {"uv": [14, 1.5, 14.25, 2.5], "texture": "#2"}
			}
		},
		{
			"name": "leftLeg",
			"from": [7.8, -15.2, 7.8],
			"to": [12.2, -2.8, 12.2],
			"rotation": {"angle": 0, "axis": "y", "origin": [16, -7, 18]},
			"faces": {
				"north": {"uv": [1, 9, 2, 12], "texture": "#2"},
				"east": {"uv": [0, 9, 1, 12], "texture": "#2"},
				"south": {"uv": [3, 9, 4, 12], "texture": "#2"},
				"west": {"uv": [2, 9, 3, 12], "texture": "#2"},
				"up": {"uv": [2, 9, 1, 8], "texture": "#2"},
				"down": {"uv": [3, 8, 2, 9], "texture": "#2"}
			}
		},
		{
			"name": "leftLeg",
			"from": [3.8, -15.2, 7.8],
			"to": [8.2, -2.8, 12.2],
			"rotation": {"angle": 0, "axis": "y", "origin": [12, -7, 18]},
			"faces": {
				"north": {"uv": [1, 13, 2, 16], "texture": "#2"},
				"east": {"uv": [0, 13, 1, 16], "texture": "#2"},
				"south": {"uv": [3, 13, 4, 16], "texture": "#2"},
				"west": {"uv": [2, 13, 3, 16], "texture": "#2"},
				"up": {"uv": [2, 13, 1, 12], "texture": "#2"},
				"down": {"uv": [3, 8, 2, 9], "texture": "#2"}
			}
		},
		{
			"name": "leftLeg",
			"from": [4, -15, 8],
			"to": [8, -3, 12],
			"rotation": {"angle": 0, "axis": "y", "origin": [12, -7, 18]},
			"faces": {
				"north": {"uv": [5, 13, 6, 16], "texture": "#2"},
				"east": {"uv": [4, 13, 5, 16], "texture": "#2"},
				"south": {"uv": [7, 13, 8, 16], "texture": "#2"},
				"west": {"uv": [6, 13, 7, 16], "texture": "#2"},
				"up": {"uv": [6, 13, 5, 12], "texture": "#2"},
				"down": {"uv": [7, 12, 6, 13], "texture": "#2"}
			}
		},
		{
			"name": "leftLeg",
			"from": [8, -15, 8],
			"to": [12, -3, 12],
			"rotation": {"angle": 0, "axis": "y", "origin": [16, -7, 18]},
			"faces": {
				"north": {"uv": [1, 5, 2, 8], "texture": "#2"},
				"east": {"uv": [0, 5, 1, 8], "texture": "#2"},
				"south": {"uv": [3, 5, 4, 8], "texture": "#2"},
				"west": {"uv": [2, 5, 3, 8], "texture": "#2"},
				"up": {"uv": [2, 5, 1, 4], "texture": "#2"},
				"down": {"uv": [3, 4, 2, 5], "texture": "#2"}
			}
		},
		{
			"from": [13.6, 24.92533, -6.3656],
			"to": [14.5, 25.82533, -5.4656],
			"rotation": {"angle": 22.5, "axis": "x", "origin": [21.6, 18.72533, -13.4656]},
			"faces": {
				"north": {"uv": [15, 0, 16, 1], "rotation": 180, "texture": "#1"},
				"east": {"uv": [15, 0, 16, 1], "texture": "#1"},
				"south": {"uv": [15, 0, 16, 1], "rotation": 180, "texture": "#1"},
				"west": {"uv": [15, 0, 16, 1], "texture": "#1"},
				"up": {"uv": [15, 0, 16, 1], "rotation": 180, "texture": "#1"},
				"down": {"uv": [15, 0, 16, 1], "rotation": 180, "texture": "#1"}
			}
		},
		{
			"from": [13.6, 24.58091, -5.5341],
			"to": [14.5, 25.48091, -4.6341],
			"rotation": {"angle": 22.5, "axis": "x", "origin": [21.6, 18.38091, -12.6341]},
			"faces": {
				"north": {"uv": [15, 1, 16, 2], "rotation": 180, "texture": "#1"},
				"east": {"uv": [15, 1, 16, 2], "texture": "#1"},
				"south": {"uv": [15, 1, 16, 2], "rotation": 180, "texture": "#1"},
				"west": {"uv": [15, 1, 16, 2], "texture": "#1"},
				"up": {"uv": [15, 1, 16, 2], "rotation": 180, "texture": "#1"},
				"down": {"uv": [15, 1, 16, 2], "rotation": 180, "texture": "#1"}
			}
		},
		{
			"from": [13.6, 24.2365, -4.70261],
			"to": [14.5, 25.1365, -3.80261],
			"rotation": {"angle": 22.5, "axis": "x", "origin": [21.6, 18.0365, -11.80261]},
			"faces": {
				"north": {"uv": [15, 2, 16, 3], "rotation": 180, "texture": "#1"},
				"east": {"uv": [15, 2, 16, 3], "texture": "#1"},
				"south": {"uv": [15, 2, 16, 3], "rotation": 180, "texture": "#1"},
				"west": {"uv": [15, 2, 16, 3], "texture": "#1"},
				"up": {"uv": [15, 2, 16, 3], "rotation": 180, "texture": "#1"},
				"down": {"uv": [15, 2, 16, 3], "rotation": 180, "texture": "#1"}
			}
		},
		{
			"from": [13.6, 23.26234, -7.05443],
			"to": [14.5, 24.16234, -6.15443],
			"rotation": {"angle": 22.5, "axis": "x", "origin": [21.6, 17.06234, -14.15443]},
			"faces": {
				"north": {"uv": [13, 0, 14, 1], "rotation": 180, "texture": "#1"},
				"east": {"uv": [13, 0, 14, 1], "texture": "#1"},
				"south": {"uv": [13, 0, 14, 1], "rotation": 180, "texture": "#1"},
				"west": {"uv": [13, 0, 14, 1], "texture": "#1"},
				"up": {"uv": [13, 0, 14, 1], "rotation": 180, "texture": "#1"},
				"down": {"uv": [13, 0, 14, 1], "rotation": 180, "texture": "#1"}
			}
		},
		{
			"from": [13.6, 24.09383, -6.71001],
			"to": [14.5, 24.99383, -5.81001],
			"rotation": {"angle": 22.5, "axis": "x", "origin": [21.6, 17.89383, -13.81001]},
			"faces": {
				"north": {"uv": [14, 0, 15, 1], "rotation": 180, "texture": "#1"},
				"east": {"uv": [14, 0, 15, 1], "texture": "#1"},
				"south": {"uv": [14, 0, 15, 1], "rotation": 180, "texture": "#1"},
				"west": {"uv": [14, 0, 15, 1], "texture": "#1"},
				"up": {"uv": [14, 0, 15, 1], "rotation": 180, "texture": "#1"},
				"down": {"uv": [14, 0, 15, 1], "rotation": 180, "texture": "#1"}
			}
		},
		{
			"from": [13.6, 22.08644, -6.56735],
			"to": [14.5, 22.98644, -5.66735],
			"rotation": {"angle": 22.5, "axis": "x", "origin": [21.6, 15.88644, -13.66735]},
			"faces": {
				"north": {"uv": [12, 1, 13, 2], "rotation": 180, "texture": "#1"},
				"east": {"uv": [12, 1, 13, 2], "texture": "#1"},
				"south": {"uv": [12, 1, 13, 2], "rotation": 180, "texture": "#1"},
				"west": {"uv": [12, 1, 13, 2], "texture": "#1"},
				"up": {"uv": [12, 1, 13, 2], "rotation": 180, "texture": "#1"},
				"down": {"uv": [12, 1, 13, 2], "rotation": 180, "texture": "#1"}
			}
		},
		{
			"from": [13.6, 20.91053, -6.08027],
			"to": [14.5, 21.81053, -5.18027],
			"rotation": {"angle": 22.5, "axis": "x", "origin": [21.6, 14.71053, -13.18027]},
			"faces": {
				"north": {"uv": [11, 2, 12, 3], "rotation": 180, "texture": "#1"},
				"east": {"uv": [11, 2, 12, 3], "texture": "#1"},
				"south": {"uv": [11, 2, 12, 3], "rotation": 180, "texture": "#1"},
				"west": {"uv": [11, 2, 12, 3], "texture": "#1"},
				"up": {"uv": [11, 2, 12, 3], "rotation": 180, "texture": "#1"},
				"down": {"uv": [11, 2, 12, 3], "rotation": 180, "texture": "#1"}
			}
		},
		{
			"from": [13.6, 18.55872, -5.10612],
			"to": [14.5, 19.45872, -4.20612],
			"rotation": {"angle": 22.5, "axis": "x", "origin": [21.6, 12.35872, -12.20612]},
			"faces": {
				"north": {"uv": [9, 4, 10, 5], "rotation": 180, "texture": "#1"},
				"east": {"uv": [9, 4, 10, 5], "texture": "#1"},
				"south": {"uv": [9, 4, 10, 5], "rotation": 180, "texture": "#1"},
				"west": {"uv": [9, 4, 10, 5], "texture": "#1"},
				"up": {"uv": [9, 4, 10, 5], "rotation": 180, "texture": "#1"},
				"down": {"uv": [9, 4, 10, 5], "rotation": 180, "texture": "#1"}
			}
		},
		{
			"from": [13.6, 17.38281, -4.61904],
			"to": [14.5, 18.28281, -3.71904],
			"rotation": {"angle": 22.5, "axis": "x", "origin": [21.6, 11.18281, -11.71904]},
			"faces": {
				"north": {"uv": [8, 5, 9, 6], "rotation": 180, "texture": "#1"},
				"east": {"uv": [8, 5, 9, 6], "texture": "#1"},
				"south": {"uv": [8, 5, 9, 6], "rotation": 180, "texture": "#1"},
				"west": {"uv": [8, 5, 9, 6], "texture": "#1"},
				"up": {"uv": [8, 5, 9, 6], "rotation": 180, "texture": "#1"},
				"down": {"uv": [8, 5, 9, 6], "rotation": 180, "texture": "#1"}
			}
		},
		{
			"from": [13.6, 19.73462, -5.5932],
			"to": [14.5, 20.63462, -4.6932],
			"rotation": {"angle": 22.5, "axis": "x", "origin": [21.6, 13.53462, -12.6932]},
			"faces": {
				"north": {"uv": [10, 3, 11, 4], "rotation": 180, "texture": "#1"},
				"east": {"uv": [10, 3, 11, 4], "texture": "#1"},
				"south": {"uv": [10, 3, 11, 4], "rotation": 180, "texture": "#1"},
				"west": {"uv": [10, 3, 11, 4], "texture": "#1"},
				"up": {"uv": [10, 3, 11, 4], "rotation": 180, "texture": "#1"},
				"down": {"uv": [10, 3, 11, 4], "rotation": 180, "texture": "#1"}
			}
		},
		{
			"from": [13.6, 15.031, -3.64489],
			"to": [14.5, 15.931, -2.74489],
			"rotation": {"angle": 22.5, "axis": "x", "origin": [21.6, 8.831, -10.74489]},
			"faces": {
				"north": {"uv": [6, 7, 7, 8], "rotation": 180, "texture": "#1"},
				"east": {"uv": [6, 7, 7, 8], "texture": "#1"},
				"south": {"uv": [6, 7, 7, 8], "rotation": 180, "texture": "#1"},
				"west": {"uv": [6, 7, 7, 8], "texture": "#1"},
				"up": {"uv": [6, 7, 7, 8], "rotation": 180, "texture": "#1"},
				"down": {"uv": [6, 7, 7, 8], "rotation": 180, "texture": "#1"}
			}
		},
		{
			"from": [13.6, 16.2069, -4.13197],
			"to": [14.5, 17.1069, -3.23197],
			"rotation": {"angle": 22.5, "axis": "x", "origin": [21.6, 10.0069, -11.23197]},
			"faces": {
				"north": {"uv": [7, 6, 8, 7], "rotation": 180, "texture": "#1"},
				"east": {"uv": [7, 6, 8, 7], "texture": "#1"},
				"south": {"uv": [7, 6, 8, 7], "rotation": 180, "texture": "#1"},
				"west": {"uv": [7, 6, 8, 7], "texture": "#1"},
				"up": {"uv": [7, 6, 8, 7], "rotation": 180, "texture": "#1"},
				"down": {"uv": [7, 6, 8, 7], "rotation": 180, "texture": "#1"}
			}
		},
		{
			"from": [13.6, 13.36801, -4.33372],
			"to": [14.5, 14.26801, -3.43372],
			"rotation": {"angle": 22.5, "axis": "x", "origin": [21.6, 7.16801, -11.43372]},
			"faces": {
				"north": {"uv": [4, 7, 5, 8], "rotation": 180, "texture": "#1"},
				"east": {"uv": [4, 7, 5, 8], "texture": "#1"},
				"south": {"uv": [4, 7, 5, 8], "rotation": 180, "texture": "#1"},
				"west": {"uv": [4, 7, 5, 8], "texture": "#1"},
				"up": {"uv": [4, 7, 5, 8], "rotation": 180, "texture": "#1"},
				"down": {"uv": [4, 7, 5, 8], "rotation": 180, "texture": "#1"}
			}
		},
		{
			"from": [13.6, 23.06059, -4.21554],
			"to": [14.5, 23.96059, -3.31554],
			"rotation": {"angle": 22.5, "axis": "x", "origin": [21.6, 16.86059, -11.31554]},
			"faces": {
				"north": {"uv": [14, 3, 15, 4], "rotation": 180, "texture": "#1"},
				"east": {"uv": [14, 3, 15, 4], "texture": "#1"},
				"south": {"uv": [14, 3, 15, 4], "rotation": 180, "texture": "#1"},
				"west": {"uv": [14, 3, 15, 4], "texture": "#1"},
				"up": {"uv": [14, 3, 15, 4], "rotation": 180, "texture": "#1"},
				"down": {"uv": [14, 3, 15, 4], "rotation": 180, "texture": "#1"}
			}
		},
		{
			"from": [13.6, 21.88468, -3.72846],
			"to": [14.5, 22.78468, -2.82846],
			"rotation": {"angle": 22.5, "axis": "x", "origin": [21.6, 15.68468, -10.82846]},
			"faces": {
				"north": {"uv": [13, 4, 14, 5], "rotation": 180, "texture": "#1"},
				"east": {"uv": [13, 4, 14, 5], "texture": "#1"},
				"south": {"uv": [13, 4, 14, 5], "rotation": 180, "texture": "#1"},
				"west": {"uv": [13, 4, 14, 5], "texture": "#1"},
				"up": {"uv": [13, 4, 14, 5], "rotation": 180, "texture": "#1"},
				"down": {"uv": [13, 4, 14, 5], "rotation": 180, "texture": "#1"}
			}
		},
		{
			"from": [13.6, 20.70878, -3.24138],
			"to": [14.5, 21.60878, -2.34138],
			"rotation": {"angle": 22.5, "axis": "x", "origin": [21.6, 14.50878, -10.34138]},
			"faces": {
				"north": {"uv": [12, 5, 13, 6], "rotation": 180, "texture": "#1"},
				"east": {"uv": [12, 5, 13, 6], "texture": "#1"},
				"south": {"uv": [12, 5, 13, 6], "rotation": 180, "texture": "#1"},
				"west": {"uv": [12, 5, 13, 6], "texture": "#1"},
				"up": {"uv": [12, 5, 13, 6], "rotation": 180, "texture": "#1"},
				"down": {"uv": [12, 5, 13, 6], "rotation": 180, "texture": "#1"}
			}
		},
		{
			"from": [13.6, 19.53287, -2.75431],
			"to": [14.5, 20.43287, -1.85431],
			"rotation": {"angle": 22.5, "axis": "x", "origin": [21.6, 13.33287, -9.85431]},
			"faces": {
				"north": {"uv": [11, 6, 12, 7], "rotation": 180, "texture": "#1"},
				"east": {"uv": [11, 6, 12, 7], "texture": "#1"},
				"south": {"uv": [11, 6, 12, 7], "rotation": 180, "texture": "#1"},
				"west": {"uv": [11, 6, 12, 7], "texture": "#1"},
				"up": {"uv": [11, 6, 12, 7], "rotation": 180, "texture": "#1"},
				"down": {"uv": [11, 6, 12, 7], "rotation": 180, "texture": "#1"}
			}
		},
		{
			"from": [13.6, 18.35696, -2.26723],
			"to": [14.5, 19.25696, -1.36723],
			"rotation": {"angle": 22.5, "axis": "x", "origin": [21.6, 12.15696, -9.36723]},
			"faces": {
				"north": {"uv": [10, 7, 11, 8], "rotation": 180, "texture": "#1"},
				"east": {"uv": [10, 7, 11, 8], "texture": "#1"},
				"south": {"uv": [10, 7, 11, 8], "rotation": 180, "texture": "#1"},
				"west": {"uv": [10, 7, 11, 8], "texture": "#1"},
				"up": {"uv": [10, 7, 11, 8], "rotation": 180, "texture": "#1"},
				"down": {"uv": [10, 7, 11, 8], "rotation": 180, "texture": "#1"}
			}
		},
		{
			"from": [13.6, 17.18106, -1.78015],
			"to": [14.5, 18.08106, -0.88015],
			"rotation": {"angle": 22.5, "axis": "x", "origin": [21.6, 10.98106, -8.88015]},
			"faces": {
				"north": {"uv": [9, 8, 10, 9], "rotation": 180, "texture": "#1"},
				"east": {"uv": [9, 8, 10, 9], "texture": "#1"},
				"south": {"uv": [9, 8, 10, 9], "rotation": 180, "texture": "#1"},
				"west": {"uv": [9, 8, 10, 9], "texture": "#1"},
				"up": {"uv": [9, 8, 10, 9], "rotation": 180, "texture": "#1"},
				"down": {"uv": [9, 8, 10, 9], "rotation": 180, "texture": "#1"}
			}
		},
		{
			"from": [13.6, 16.00515, -1.29308],
			"to": [14.5, 16.90515, -0.39308],
			"rotation": {"angle": 22.5, "axis": "x", "origin": [21.6, 9.80515, -8.39308]},
			"faces": {
				"north": {"uv": [8, 9, 9, 10], "rotation": 180, "texture": "#1"},
				"east": {"uv": [8, 9, 9, 10], "texture": "#1"},
				"south": {"uv": [8, 9, 9, 10], "rotation": 180, "texture": "#1"},
				"west": {"uv": [8, 9, 9, 10], "texture": "#1"},
				"up": {"uv": [8, 9, 9, 10], "rotation": 180, "texture": "#1"},
				"down": {"uv": [8, 9, 9, 10], "rotation": 180, "texture": "#1"}
			}
		},
		{
			"from": [13.6, 14.82924, -0.806],
			"to": [14.5, 15.72924, 0.094],
			"rotation": {"angle": 22.5, "axis": "x", "origin": [21.6, 8.62924, -7.906]},
			"faces": {
				"north": {"uv": [7, 10, 8, 11], "rotation": 180, "texture": "#1"},
				"east": {"uv": [7, 10, 8, 11], "texture": "#1"},
				"south": {"uv": [7, 10, 8, 11], "rotation": 180, "texture": "#1"},
				"west": {"uv": [7, 10, 8, 11], "texture": "#1"},
				"up": {"uv": [7, 10, 8, 11], "rotation": 180, "texture": "#1"},
				"down": {"uv": [7, 10, 8, 11], "rotation": 180, "texture": "#1"}
			}
		},
		{
			"from": [13.6, 23.74942, -5.87852],
			"to": [14.5, 24.64942, -4.97852],
			"rotation": {"angle": 22.5, "axis": "x", "origin": [21.6, 17.54942, -12.97852]},
			"faces": {
				"north": {"uv": [14, 1, 15, 2], "rotation": 180, "texture": "#1"},
				"east": {"uv": [14, 1, 15, 2], "texture": "#1"},
				"south": {"uv": [14, 1, 15, 2], "rotation": 180, "texture": "#1"},
				"west": {"uv": [14, 1, 15, 2], "texture": "#1"},
				"up": {"uv": [14, 1, 15, 2], "rotation": 180, "texture": "#1"},
				"down": {"uv": [14, 1, 15, 2], "rotation": 180, "texture": "#1"}
			}
		},
		{
			"from": [13.6, 23.405, -5.04703],
			"to": [14.5, 24.305, -4.14703],
			"rotation": {"angle": 22.5, "axis": "x", "origin": [21.6, 17.205, -12.14703]},
			"faces": {
				"north": {"uv": [14, 2, 15, 3], "rotation": 180, "texture": "#1"},
				"east": {"uv": [14, 2, 15, 3], "texture": "#1"},
				"south": {"uv": [14, 2, 15, 3], "rotation": 180, "texture": "#1"},
				"west": {"uv": [14, 2, 15, 3], "texture": "#1"},
				"up": {"uv": [14, 2, 15, 3], "rotation": 180, "texture": "#1"},
				"down": {"uv": [14, 2, 15, 3], "rotation": 180, "texture": "#1"}
			}
		},
		{
			"from": [13.6, 22.91793, -6.22293],
			"to": [14.5, 23.81793, -5.32293],
			"rotation": {"angle": 22.5, "axis": "x", "origin": [21.6, 16.71793, -13.32293]},
			"faces": {
				"north": {"uv": [13, 1, 14, 2], "rotation": 180, "texture": "#1"},
				"east": {"uv": [13, 1, 14, 2], "texture": "#1"},
				"south": {"uv": [13, 1, 14, 2], "rotation": 180, "texture": "#1"},
				"west": {"uv": [13, 1, 14, 2], "texture": "#1"},
				"up": {"uv": [13, 1, 14, 2], "rotation": 180, "texture": "#1"},
				"down": {"uv": [13, 1, 14, 2], "rotation": 180, "texture": "#1"}
			}
		},
		{
			"from": [13.6, 22.57351, -5.39144],
			"to": [14.5, 23.47351, -4.49144],
			"rotation": {"angle": 22.5, "axis": "x", "origin": [21.6, 16.37351, -12.49144]},
			"faces": {
				"north": {"uv": [13, 2, 14, 3], "rotation": 180, "texture": "#1"},
				"east": {"uv": [13, 2, 14, 3], "texture": "#1"},
				"south": {"uv": [13, 2, 14, 3], "rotation": 180, "texture": "#1"},
				"west": {"uv": [13, 2, 14, 3], "texture": "#1"},
				"up": {"uv": [13, 2, 14, 3], "rotation": 180, "texture": "#1"},
				"down": {"uv": [13, 2, 14, 3], "rotation": 180, "texture": "#1"}
			}
		},
		{
			"from": [13.6, 22.2291, -4.55995],
			"to": [14.5, 23.1291, -3.65995],
			"rotation": {"angle": 22.5, "axis": "x", "origin": [21.6, 16.0291, -11.65995]},
			"faces": {
				"north": {"uv": [13, 3, 14, 4], "rotation": 180, "texture": "#1"},
				"east": {"uv": [13, 3, 14, 4], "texture": "#1"},
				"south": {"uv": [13, 3, 14, 4], "rotation": 180, "texture": "#1"},
				"west": {"uv": [13, 3, 14, 4], "texture": "#1"},
				"up": {"uv": [13, 3, 14, 4], "rotation": 180, "texture": "#1"},
				"down": {"uv": [13, 3, 14, 4], "rotation": 180, "texture": "#1"}
			}
		},
		{
			"from": [13.6, 21.05319, -4.07288],
			"to": [14.5, 21.95319, -3.17288],
			"rotation": {"angle": 22.5, "axis": "x", "origin": [21.6, 14.85319, -11.17288]},
			"faces": {
				"north": {"uv": [12, 4, 13, 5], "rotation": 180, "texture": "#1"},
				"east": {"uv": [12, 4, 13, 5], "texture": "#1"},
				"south": {"uv": [12, 4, 13, 5], "rotation": 180, "texture": "#1"},
				"west": {"uv": [12, 4, 13, 5], "texture": "#1"},
				"up": {"uv": [12, 4, 13, 5], "rotation": 180, "texture": "#1"},
				"down": {"uv": [12, 4, 13, 5], "rotation": 180, "texture": "#1"}
			}
		},
		{
			"from": [13.6, 19.87728, -3.5858],
			"to": [14.5, 20.77728, -2.6858],
			"rotation": {"angle": 22.5, "axis": "x", "origin": [21.6, 13.67728, -10.6858]},
			"faces": {
				"north": {"uv": [11, 5, 12, 6], "rotation": 180, "texture": "#1"},
				"east": {"uv": [11, 5, 12, 6], "texture": "#1"},
				"south": {"uv": [11, 5, 12, 6], "rotation": 180, "texture": "#1"},
				"west": {"uv": [11, 5, 12, 6], "texture": "#1"},
				"up": {"uv": [11, 5, 12, 6], "rotation": 180, "texture": "#1"},
				"down": {"uv": [11, 5, 12, 6], "rotation": 180, "texture": "#1"}
			}
		},
		{
			"from": [13.6, 18.70138, -3.09872],
			"to": [14.5, 19.60138, -2.19872],
			"rotation": {"angle": 22.5, "axis": "x", "origin": [21.6, 12.50138, -10.19872]},
			"faces": {
				"north": {"uv": [10, 6, 11, 7], "rotation": 180, "texture": "#1"},
				"east": {"uv": [10, 6, 11, 7], "texture": "#1"},
				"south": {"uv": [10, 6, 11, 7], "rotation": 180, "texture": "#1"},
				"west": {"uv": [10, 6, 11, 7], "texture": "#1"},
				"up": {"uv": [10, 6, 11, 7], "rotation": 180, "texture": "#1"},
				"down": {"uv": [10, 6, 11, 7], "rotation": 180, "texture": "#1"}
			}
		},
		{
			"from": [13.6, 17.52547, -2.61165],
			"to": [14.5, 18.42547, -1.71165],
			"rotation": {"angle": 22.5, "axis": "x", "origin": [21.6, 11.32547, -9.71165]},
			"faces": {
				"north": {"uv": [9, 7, 10, 8], "rotation": 180, "texture": "#1"},
				"east": {"uv": [9, 7, 10, 8], "texture": "#1"},
				"south": {"uv": [9, 7, 10, 8], "rotation": 180, "texture": "#1"},
				"west": {"uv": [9, 7, 10, 8], "texture": "#1"},
				"up": {"uv": [9, 7, 10, 8], "rotation": 180, "texture": "#1"},
				"down": {"uv": [9, 7, 10, 8], "rotation": 180, "texture": "#1"}
			}
		},
		{
			"from": [13.6, 16.34956, -2.12457],
			"to": [14.5, 17.24956, -1.22457],
			"rotation": {"angle": 22.5, "axis": "x", "origin": [21.6, 10.14956, -9.22457]},
			"faces": {
				"north": {"uv": [8, 8, 9, 9], "rotation": 180, "texture": "#1"},
				"east": {"uv": [8, 8, 9, 9], "texture": "#1"},
				"south": {"uv": [8, 8, 9, 9], "rotation": 180, "texture": "#1"},
				"west": {"uv": [8, 8, 9, 9], "texture": "#1"},
				"up": {"uv": [8, 8, 9, 9], "rotation": 180, "texture": "#1"},
				"down": {"uv": [8, 8, 9, 9], "rotation": 180, "texture": "#1"}
			}
		},
		{
			"from": [13.6, 15.17366, -1.63749],
			"to": [14.5, 16.07366, -0.73749],
			"rotation": {"angle": 22.5, "axis": "x", "origin": [21.6, 8.97366, -8.73749]},
			"faces": {
				"north": {"uv": [7, 9, 8, 10], "rotation": 180, "texture": "#1"},
				"east": {"uv": [7, 9, 8, 10], "texture": "#1"},
				"south": {"uv": [7, 9, 8, 10], "rotation": 180, "texture": "#1"},
				"west": {"uv": [7, 9, 8, 10], "texture": "#1"},
				"up": {"uv": [7, 9, 8, 10], "rotation": 180, "texture": "#1"},
				"down": {"uv": [7, 9, 8, 10], "rotation": 180, "texture": "#1"}
			}
		},
		{
			"from": [13.6, 21.39761, -4.90437],
			"to": [14.5, 22.29761, -4.00437],
			"rotation": {"angle": 22.5, "axis": "x", "origin": [21.6, 15.19761, -12.00437]},
			"faces": {
				"north": {"uv": [12, 3, 13, 4], "rotation": 180, "texture": "#1"},
				"east": {"uv": [12, 3, 13, 4], "texture": "#1"},
				"south": {"uv": [12, 3, 13, 4], "rotation": 180, "texture": "#1"},
				"west": {"uv": [12, 3, 13, 4], "texture": "#1"},
				"up": {"uv": [12, 3, 13, 4], "rotation": 180, "texture": "#1"},
				"down": {"uv": [12, 3, 13, 4], "rotation": 180, "texture": "#1"}
			}
		},
		{
			"from": [13.6, 20.2217, -4.41729],
			"to": [14.5, 21.1217, -3.51729],
			"rotation": {"angle": 22.5, "axis": "x", "origin": [21.6, 14.0217, -11.51729]},
			"faces": {
				"north": {"uv": [11, 4, 12, 5], "rotation": 180, "texture": "#1"},
				"east": {"uv": [11, 4, 12, 5], "texture": "#1"},
				"south": {"uv": [11, 4, 12, 5], "rotation": 180, "texture": "#1"},
				"west": {"uv": [11, 4, 12, 5], "texture": "#1"},
				"up": {"uv": [11, 4, 12, 5], "rotation": 180, "texture": "#1"},
				"down": {"uv": [11, 4, 12, 5], "rotation": 180, "texture": "#1"}
			}
		},
		{
			"from": [13.6, 19.04579, -3.93021],
			"to": [14.5, 19.94579, -3.03021],
			"rotation": {"angle": 22.5, "axis": "x", "origin": [21.6, 12.84579, -11.03021]},
			"faces": {
				"north": {"uv": [10, 5, 11, 6], "rotation": 180, "texture": "#1"},
				"east": {"uv": [10, 5, 11, 6], "texture": "#1"},
				"south": {"uv": [10, 5, 11, 6], "rotation": 180, "texture": "#1"},
				"west": {"uv": [10, 5, 11, 6], "texture": "#1"},
				"up": {"uv": [10, 5, 11, 6], "rotation": 180, "texture": "#1"},
				"down": {"uv": [10, 5, 11, 6], "rotation": 180, "texture": "#1"}
			}
		},
		{
			"from": [13.6, 17.86989, -3.44314],
			"to": [14.5, 18.76989, -2.54314],
			"rotation": {"angle": 22.5, "axis": "x", "origin": [21.6, 11.66989, -10.54314]},
			"faces": {
				"north": {"uv": [9, 6, 10, 7], "rotation": 180, "texture": "#1"},
				"east": {"uv": [9, 6, 10, 7], "texture": "#1"},
				"south": {"uv": [9, 6, 10, 7], "rotation": 180, "texture": "#1"},
				"west": {"uv": [9, 6, 10, 7], "texture": "#1"},
				"up": {"uv": [9, 6, 10, 7], "rotation": 180, "texture": "#1"},
				"down": {"uv": [9, 6, 10, 7], "rotation": 180, "texture": "#1"}
			}
		},
		{
			"from": [13.6, 16.69398, -2.95606],
			"to": [14.5, 17.59398, -2.05606],
			"rotation": {"angle": 22.5, "axis": "x", "origin": [21.6, 10.49398, -10.05606]},
			"faces": {
				"north": {"uv": [8, 7, 9, 8], "rotation": 180, "texture": "#1"},
				"east": {"uv": [8, 7, 9, 8], "texture": "#1"},
				"south": {"uv": [8, 7, 9, 8], "rotation": 180, "texture": "#1"},
				"west": {"uv": [8, 7, 9, 8], "texture": "#1"},
				"up": {"uv": [8, 7, 9, 8], "rotation": 180, "texture": "#1"},
				"down": {"uv": [8, 7, 9, 8], "rotation": 180, "texture": "#1"}
			}
		},
		{
			"from": [13.6, 15.51807, -2.46898],
			"to": [14.5, 16.41807, -1.56898],
			"rotation": {"angle": 22.5, "axis": "x", "origin": [21.6, 9.31807, -9.56898]},
			"faces": {
				"north": {"uv": [7, 8, 8, 9], "rotation": 180, "texture": "#1"},
				"east": {"uv": [7, 8, 8, 9], "texture": "#1"},
				"south": {"uv": [7, 8, 8, 9], "rotation": 180, "texture": "#1"},
				"west": {"uv": [7, 8, 8, 9], "texture": "#1"},
				"up": {"uv": [7, 8, 8, 9], "rotation": 180, "texture": "#1"},
				"down": {"uv": [7, 8, 8, 9], "rotation": 180, "texture": "#1"}
			}
		},
		{
			"from": [13.6, 14.34217, -1.98191],
			"to": [14.5, 15.24217, -1.08191],
			"rotation": {"angle": 22.5, "axis": "x", "origin": [21.6, 8.14217, -9.08191]},
			"faces": {
				"north": {"uv": [6, 9, 7, 10], "rotation": 180, "texture": "#1"},
				"east": {"uv": [6, 9, 7, 10], "texture": "#1"},
				"south": {"uv": [6, 9, 7, 10], "rotation": 180, "texture": "#1"},
				"west": {"uv": [6, 9, 7, 10], "texture": "#1"},
				"up": {"uv": [6, 9, 7, 10], "rotation": 180, "texture": "#1"},
				"down": {"uv": [6, 9, 7, 10], "rotation": 180, "texture": "#1"}
			}
		},
		{
			"from": [13.6, 21.74202, -5.73586],
			"to": [14.5, 22.64202, -4.83586],
			"rotation": {"angle": 22.5, "axis": "x", "origin": [21.6, 15.54202, -12.83586]},
			"faces": {
				"north": {"uv": [12, 2, 13, 3], "rotation": 180, "texture": "#1"},
				"east": {"uv": [12, 2, 13, 3], "texture": "#1"},
				"south": {"uv": [12, 2, 13, 3], "rotation": 180, "texture": "#1"},
				"west": {"uv": [12, 2, 13, 3], "texture": "#1"},
				"up": {"uv": [12, 2, 13, 3], "rotation": 180, "texture": "#1"},
				"down": {"uv": [12, 2, 13, 3], "rotation": 180, "texture": "#1"}
			}
		},
		{
			"from": [13.6, 20.56611, -5.24878],
			"to": [14.5, 21.46611, -4.34878],
			"rotation": {"angle": 22.5, "axis": "x", "origin": [21.6, 14.36611, -12.34878]},
			"faces": {
				"north": {"uv": [11, 3, 12, 4], "rotation": 180, "texture": "#1"},
				"east": {"uv": [11, 3, 12, 4], "texture": "#1"},
				"south": {"uv": [11, 3, 12, 4], "rotation": 180, "texture": "#1"},
				"west": {"uv": [11, 3, 12, 4], "texture": "#1"},
				"up": {"uv": [11, 3, 12, 4], "rotation": 180, "texture": "#1"},
				"down": {"uv": [11, 3, 12, 4], "rotation": 180, "texture": "#1"}
			}
		},
		{
			"from": [13.6, 15.86249, -3.30048],
			"to": [14.5, 16.76249, -2.40048],
			"rotation": {"angle": 22.5, "axis": "x", "origin": [21.6, 9.66249, -10.40048]},
			"faces": {
				"north": {"uv": [7, 7, 8, 8], "rotation": 180, "texture": "#1"},
				"east": {"uv": [7, 7, 8, 8], "texture": "#1"},
				"south": {"uv": [7, 7, 8, 8], "rotation": 180, "texture": "#1"},
				"west": {"uv": [7, 7, 8, 8], "texture": "#1"},
				"up": {"uv": [7, 7, 8, 8], "rotation": 180, "texture": "#1"},
				"down": {"uv": [7, 7, 8, 8], "rotation": 180, "texture": "#1"}
			}
		},
		{
			"from": [13.6, 19.39021, -4.76171],
			"to": [14.5, 20.29021, -3.86171],
			"rotation": {"angle": 22.5, "axis": "x", "origin": [21.6, 13.19021, -11.86171]},
			"faces": {
				"north": {"uv": [10, 4, 11, 5], "rotation": 180, "texture": "#1"},
				"east": {"uv": [10, 4, 11, 5], "texture": "#1"},
				"south": {"uv": [10, 4, 11, 5], "rotation": 180, "texture": "#1"},
				"west": {"uv": [10, 4, 11, 5], "texture": "#1"},
				"up": {"uv": [10, 4, 11, 5], "rotation": 180, "texture": "#1"},
				"down": {"uv": [10, 4, 11, 5], "rotation": 180, "texture": "#1"}
			}
		},
		{
			"from": [13.6, 18.2143, -4.27463],
			"to": [14.5, 19.1143, -3.37463],
			"rotation": {"angle": 22.5, "axis": "x", "origin": [21.6, 12.0143, -11.37463]},
			"faces": {
				"north": {"uv": [9, 5, 10, 6], "rotation": 180, "texture": "#1"},
				"east": {"uv": [9, 5, 10, 6], "texture": "#1"},
				"south": {"uv": [9, 5, 10, 6], "rotation": 180, "texture": "#1"},
				"west": {"uv": [9, 5, 10, 6], "texture": "#1"},
				"up": {"uv": [9, 5, 10, 6], "rotation": 180, "texture": "#1"},
				"down": {"uv": [9, 5, 10, 6], "rotation": 180, "texture": "#1"}
			}
		},
		{
			"from": [13.6, 17.03839, -3.78755],
			"to": [14.5, 17.93839, -2.88755],
			"rotation": {"angle": 22.5, "axis": "x", "origin": [21.6, 10.83839, -10.88755]},
			"faces": {
				"north": {"uv": [8, 6, 9, 7], "rotation": 180, "texture": "#1"},
				"east": {"uv": [8, 6, 9, 7], "texture": "#1"},
				"south": {"uv": [8, 6, 9, 7], "rotation": 180, "texture": "#1"},
				"west": {"uv": [8, 6, 9, 7], "texture": "#1"},
				"up": {"uv": [8, 6, 9, 7], "rotation": 180, "texture": "#1"},
				"down": {"uv": [8, 6, 9, 7], "rotation": 180, "texture": "#1"}
			}
		},
		{
			"from": [13.6, 14.68658, -2.8134],
			"to": [14.5, 15.58658, -1.9134],
			"rotation": {"angle": 22.5, "axis": "x", "origin": [21.6, 8.48658, -9.9134]},
			"faces": {
				"north": {"uv": [6, 8, 7, 9], "rotation": 180, "texture": "#1"},
				"east": {"uv": [6, 8, 7, 9], "texture": "#1"},
				"south": {"uv": [6, 8, 7, 9], "rotation": 180, "texture": "#1"},
				"west": {"uv": [6, 8, 7, 9], "texture": "#1"},
				"up": {"uv": [6, 8, 7, 9], "rotation": 180, "texture": "#1"},
				"down": {"uv": [6, 8, 7, 9], "rotation": 180, "texture": "#1"}
			}
		},
		{
			"from": [13.6, 13.99775, -1.15042],
			"to": [14.5, 14.89775, -0.25042],
			"rotation": {"angle": 22.5, "axis": "x", "origin": [21.6, 7.79775, -8.25042]},
			"faces": {
				"north": {"uv": [6, 10, 7, 11], "rotation": 180, "texture": "#1"},
				"east": {"uv": [6, 10, 7, 11], "texture": "#1"},
				"south": {"uv": [6, 10, 7, 11], "rotation": 180, "texture": "#1"},
				"west": {"uv": [6, 10, 7, 11], "texture": "#1"},
				"up": {"uv": [6, 10, 7, 11], "rotation": 180, "texture": "#1"},
				"down": {"uv": [6, 10, 7, 11], "rotation": 180, "texture": "#1"}
			}
		},
		{
			"from": [13.6, 14.48483, 0.02549],
			"to": [14.5, 15.38483, 0.92549],
			"rotation": {"angle": 22.5, "axis": "x", "origin": [21.6, 8.28483, -7.07451]},
			"faces": {
				"north": {"uv": [7, 11, 8, 12], "rotation": 180, "texture": "#1"},
				"east": {"uv": [7, 11, 8, 12], "texture": "#1"},
				"south": {"uv": [7, 11, 8, 12], "rotation": 180, "texture": "#1"},
				"west": {"uv": [7, 11, 8, 12], "texture": "#1"},
				"up": {"uv": [7, 11, 8, 12], "rotation": 180, "texture": "#1"},
				"down": {"uv": [7, 11, 8, 12], "rotation": 180, "texture": "#1"}
			}
		},
		{
			"from": [13.6, 13.65334, -0.31892],
			"to": [14.5, 14.55334, 0.58108],
			"rotation": {"angle": 22.5, "axis": "x", "origin": [21.6, 7.45334, -7.41892]},
			"faces": {
				"north": {"uv": [6, 11, 7, 12], "rotation": 180, "texture": "#1"},
				"east": {"uv": [6, 11, 7, 12], "texture": "#1"},
				"south": {"uv": [6, 11, 7, 12], "rotation": 180, "texture": "#1"},
				"west": {"uv": [6, 11, 7, 12], "texture": "#1"},
				"up": {"uv": [6, 11, 7, 12], "rotation": 180, "texture": "#1"},
				"down": {"uv": [6, 11, 7, 12], "rotation": 180, "texture": "#1"}
			}
		},
		{
			"from": [13.6, 15.31632, 0.36991],
			"to": [14.5, 16.21632, 1.26991],
			"rotation": {"angle": 22.5, "axis": "x", "origin": [21.6, 9.11632, -6.73009]},
			"faces": {
				"north": {"uv": [8, 11, 9, 12], "rotation": 180, "texture": "#1"},
				"east": {"uv": [8, 11, 9, 12], "texture": "#1"},
				"south": {"uv": [8, 11, 9, 12], "rotation": 180, "texture": "#1"},
				"west": {"uv": [8, 11, 9, 12], "texture": "#1"},
				"up": {"uv": [8, 11, 9, 12], "rotation": 180, "texture": "#1"},
				"down": {"uv": [8, 11, 9, 12], "rotation": 180, "texture": "#1"}
			}
		},
		{
			"from": [13.6, 14.9719, 1.2014],
			"to": [14.5, 15.8719, 2.1014],
			"rotation": {"angle": 22.5, "axis": "x", "origin": [21.6, 8.7719, -5.8986]},
			"faces": {
				"north": {"uv": [8, 12, 9, 13], "rotation": 180, "texture": "#1"},
				"east": {"uv": [8, 12, 9, 13], "texture": "#1"},
				"south": {"uv": [8, 12, 9, 13], "rotation": 180, "texture": "#1"},
				"west": {"uv": [8, 12, 9, 13], "texture": "#1"},
				"up": {"uv": [8, 12, 9, 13], "rotation": 180, "texture": "#1"},
				"down": {"uv": [8, 12, 9, 13], "rotation": 180, "texture": "#1"}
			}
		},
		{
			"from": [13.6, 15.8034, 1.54581],
			"to": [14.5, 16.7034, 2.44581],
			"rotation": {"angle": 22.5, "axis": "x", "origin": [21.6, 9.6034, -5.55419]},
			"faces": {
				"north": {"uv": [9, 12, 10, 13], "rotation": 180, "texture": "#1"},
				"east": {"uv": [9, 12, 10, 13], "texture": "#1"},
				"south": {"uv": [9, 12, 10, 13], "rotation": 180, "texture": "#1"},
				"west": {"uv": [9, 12, 10, 13], "texture": "#1"},
				"up": {"uv": [9, 12, 10, 13], "rotation": 180, "texture": "#1"},
				"down": {"uv": [9, 12, 10, 13], "rotation": 180, "texture": "#1"}
			}
		},
		{
			"from": [13.6, 15.45898, 2.3773],
			"to": [14.5, 16.35898, 3.2773],
			"rotation": {"angle": 22.5, "axis": "x", "origin": [21.6, 9.25898, -4.7227]},
			"faces": {
				"north": {"uv": [9, 13, 10, 14], "rotation": 180, "texture": "#1"},
				"east": {"uv": [9, 13, 10, 14], "texture": "#1"},
				"south": {"uv": [9, 13, 10, 14], "rotation": 180, "texture": "#1"},
				"west": {"uv": [9, 13, 10, 14], "texture": "#1"},
				"up": {"uv": [9, 13, 10, 14], "rotation": 180, "texture": "#1"},
				"down": {"uv": [9, 13, 10, 14], "rotation": 180, "texture": "#1"}
			}
		},
		{
			"from": [13.6, 14.62749, 2.03289],
			"to": [14.5, 15.52749, 2.93289],
			"rotation": {"angle": 22.5, "axis": "x", "origin": [21.6, 8.42749, -5.06711]},
			"faces": {
				"north": {"uv": [8, 13, 9, 14], "rotation": 180, "texture": "#1"},
				"east": {"uv": [8, 13, 9, 14], "texture": "#1"},
				"south": {"uv": [8, 13, 9, 14], "rotation": 180, "texture": "#1"},
				"west": {"uv": [8, 13, 9, 14], "texture": "#1"},
				"up": {"uv": [8, 13, 9, 14], "rotation": 180, "texture": "#1"},
				"down": {"uv": [8, 13, 9, 14], "rotation": 180, "texture": "#1"}
			}
		},
		{
			"from": [13.6, 14.14041, 0.85698],
			"to": [14.5, 15.04041, 1.75698],
			"rotation": {"angle": 22.5, "axis": "x", "origin": [21.6, 7.94041, -6.24302]},
			"faces": {
				"north": {"uv": [7, 12, 8, 13], "rotation": 180, "texture": "#1"},
				"east": {"uv": [7, 12, 8, 13], "texture": "#1"},
				"south": {"uv": [7, 12, 8, 13], "rotation": 180, "texture": "#1"},
				"west": {"uv": [7, 12, 8, 13], "texture": "#1"},
				"up": {"uv": [7, 12, 8, 13], "rotation": 180, "texture": "#1"},
				"down": {"uv": [7, 12, 8, 13], "rotation": 180, "texture": "#1"}
			}
		},
		{
			"from": [13.6, 13.30892, 0.51257],
			"to": [14.5, 14.20892, 1.41257],
			"rotation": {"angle": 22.5, "axis": "x", "origin": [21.6, 7.10892, -6.58743]},
			"faces": {
				"north": {"uv": [6, 12, 7, 13], "rotation": 180, "texture": "#1"},
				"east": {"uv": [6, 12, 7, 13], "texture": "#1"},
				"south": {"uv": [6, 12, 7, 13], "rotation": 180, "texture": "#1"},
				"west": {"uv": [6, 12, 7, 13], "texture": "#1"},
				"up": {"uv": [6, 12, 7, 13], "rotation": 180, "texture": "#1"},
				"down": {"uv": [6, 12, 7, 13], "rotation": 180, "texture": "#1"}
			}
		},
		{
			"from": [13.6, 12.82184, -0.66334],
			"to": [14.5, 13.72184, 0.23666],
			"rotation": {"angle": 22.5, "axis": "x", "origin": [21.6, 6.62184, -7.76334]},
			"faces": {
				"north": {"uv": [5, 11, 6, 12], "rotation": 180, "texture": "#1"},
				"east": {"uv": [5, 11, 6, 12], "texture": "#1"},
				"south": {"uv": [5, 11, 6, 12], "rotation": 180, "texture": "#1"},
				"west": {"uv": [5, 11, 6, 12], "texture": "#1"},
				"up": {"uv": [5, 11, 6, 12], "rotation": 180, "texture": "#1"},
				"down": {"uv": [5, 11, 6, 12], "rotation": 180, "texture": "#1"}
			}
		},
		{
			"from": [13.6, 13.85509, -3.15781],
			"to": [14.5, 14.75509, -2.25781],
			"rotation": {"angle": 22.5, "axis": "x", "origin": [21.6, 7.65509, -10.25781]},
			"faces": {
				"north": {"uv": [5, 8, 6, 9], "rotation": 180, "texture": "#1"},
				"east": {"uv": [5, 8, 6, 9], "texture": "#1"},
				"south": {"uv": [5, 8, 6, 9], "rotation": 180, "texture": "#1"},
				"west": {"uv": [5, 8, 6, 9], "texture": "#1"},
				"up": {"uv": [5, 8, 6, 9], "rotation": 180, "texture": "#1"},
				"down": {"uv": [5, 8, 6, 9], "rotation": 180, "texture": "#1"}
			}
		},
		{
			"from": [13.6, 12.88094, -5.50963],
			"to": [14.5, 13.78094, -4.60963],
			"rotation": {"angle": 22.5, "axis": "x", "origin": [21.6, 6.68094, -12.60963]},
			"faces": {
				"north": {"uv": [3, 6, 4, 7], "rotation": 180, "texture": "#1"},
				"east": {"uv": [3, 6, 4, 7], "texture": "#1"},
				"south": {"uv": [3, 7, 4, 8], "rotation": 180, "texture": "#1"},
				"west": {"uv": [3, 6, 4, 7], "texture": "#1"},
				"up": {"uv": [3, 6, 4, 7], "rotation": 180, "texture": "#1"},
				"down": {"uv": [3, 6, 4, 7], "rotation": 180, "texture": "#1"}
			}
		},
		{
			"from": [13.6, 13.51067, -2.32632],
			"to": [14.5, 14.41067, -1.42632],
			"rotation": {"angle": 22.5, "axis": "x", "origin": [21.6, 7.31067, -9.42632]},
			"faces": {
				"north": {"uv": [5, 9, 6, 10], "rotation": 180, "texture": "#1"},
				"east": {"uv": [5, 9, 6, 10], "texture": "#1"},
				"south": {"uv": [5, 9, 6, 10], "rotation": 180, "texture": "#1"},
				"west": {"uv": [5, 9, 6, 10], "texture": "#1"},
				"up": {"uv": [5, 9, 6, 10], "rotation": 180, "texture": "#1"},
				"down": {"uv": [5, 9, 6, 10], "rotation": 180, "texture": "#1"}
			}
		},
		{
			"from": [13.6, 12.67918, -2.67074],
			"to": [14.5, 13.57918, -1.77074],
			"rotation": {"angle": 22.5, "axis": "x", "origin": [21.6, 6.47918, -9.77074]},
			"faces": {
				"north": {"uv": [4, 9, 5, 10], "rotation": 180, "texture": "#1"},
				"east": {"uv": [4, 9, 5, 10], "texture": "#1"},
				"south": {"uv": [4, 9, 5, 10], "rotation": 180, "texture": "#1"},
				"west": {"uv": [4, 9, 5, 10], "texture": "#1"},
				"up": {"uv": [4, 9, 5, 10], "rotation": 180, "texture": "#1"},
				"down": {"uv": [4, 9, 5, 10], "rotation": 180, "texture": "#1"}
			}
		},
		{
			"from": [13.6, 13.0236, -3.50223],
			"to": [14.5, 13.9236, -2.60223],
			"rotation": {"angle": 22.5, "axis": "x", "origin": [21.6, 6.8236, -10.60223]},
			"faces": {
				"north": {"uv": [4, 8, 5, 9], "rotation": 180, "texture": "#1"},
				"east": {"uv": [4, 8, 5, 9], "texture": "#1"},
				"south": {"uv": [4, 8, 5, 9], "rotation": 180, "texture": "#1"},
				"west": {"uv": [4, 8, 5, 9], "texture": "#1"},
				"up": {"uv": [4, 8, 5, 9], "rotation": 180, "texture": "#1"},
				"down": {"uv": [4, 8, 5, 9], "rotation": 180, "texture": "#1"}
			}
		},
		{
			"from": [13.6, 12.53652, -4.67814],
			"to": [14.5, 13.43652, -3.77814],
			"rotation": {"angle": 22.5, "axis": "x", "origin": [21.6, 6.33652, -11.77814]},
			"faces": {
				"north": {"uv": [3, 7, 4, 8], "rotation": 180, "texture": "#1"},
				"east": {"uv": [3, 7, 4, 8], "texture": "#1"},
				"south": {"uv": [3, 7, 4, 8], "rotation": 180, "texture": "#1"},
				"west": {"uv": [3, 7, 4, 8], "texture": "#1"},
				"up": {"uv": [3, 7, 4, 8], "rotation": 180, "texture": "#1"},
				"down": {"uv": [3, 7, 4, 8], "rotation": 180, "texture": "#1"}
			}
		},
		{
			"from": [13.6, 12.04944, -5.85404],
			"to": [14.5, 12.94944, -4.95404],
			"rotation": {"angle": 22.5, "axis": "x", "origin": [21.6, 5.84944, -12.95404]},
			"faces": {
				"north": {"uv": [2, 6, 3, 7], "rotation": 180, "texture": "#1"},
				"east": {"uv": [2, 6, 3, 7], "texture": "#1"},
				"south": {"uv": [2, 6, 3, 7], "rotation": 180, "texture": "#1"},
				"west": {"uv": [2, 6, 3, 7], "texture": "#1"},
				"up": {"uv": [2, 6, 3, 7], "rotation": 180, "texture": "#1"},
				"down": {"uv": [2, 6, 3, 7], "rotation": 180, "texture": "#1"}
			}
		},
		{
			"from": [13.6, 11.70503, -5.02255],
			"to": [14.5, 12.60503, -4.12255],
			"rotation": {"angle": 22.5, "axis": "x", "origin": [21.6, 5.50503, -12.12255]},
			"faces": {
				"north": {"uv": [2, 7, 3, 8], "rotation": 180, "texture": "#1"},
				"east": {"uv": [2, 7, 3, 8], "texture": "#1"},
				"south": {"uv": [2, 7, 3, 8], "rotation": 180, "texture": "#1"},
				"west": {"uv": [2, 7, 3, 8], "texture": "#1"},
				"up": {"uv": [2, 7, 3, 8], "rotation": 180, "texture": "#1"},
				"down": {"uv": [2, 7, 3, 8], "rotation": 180, "texture": "#1"}
			}
		},
		{
			"from": [13.6, 12.19211, -3.84664],
			"to": [14.5, 13.09211, -2.94664],
			"rotation": {"angle": 22.5, "axis": "x", "origin": [21.6, 5.99211, -10.94664]},
			"faces": {
				"north": {"uv": [3, 8, 4, 9], "rotation": 180, "texture": "#1"},
				"east": {"uv": [3, 8, 4, 9], "texture": "#1"},
				"south": {"uv": [3, 8, 4, 9], "rotation": 180, "texture": "#1"},
				"west": {"uv": [3, 8, 4, 9], "texture": "#1"},
				"up": {"uv": [3, 8, 4, 9], "rotation": 180, "texture": "#1"},
				"down": {"uv": [3, 8, 4, 9], "rotation": 180, "texture": "#1"}
			}
		},
		{
			"from": [13.6, 11.84769, -3.01515],
			"to": [14.5, 12.74769, -2.11515],
			"rotation": {"angle": 22.5, "axis": "x", "origin": [21.6, 5.64769, -10.11515]},
			"faces": {
				"north": {"uv": [3, 9, 4, 10], "rotation": 180, "texture": "#1"},
				"east": {"uv": [3, 9, 4, 10], "texture": "#1"},
				"south": {"uv": [3, 9, 4, 10], "rotation": 180, "texture": "#1"},
				"west": {"uv": [3, 9, 4, 10], "texture": "#1"},
				"up": {"uv": [3, 9, 4, 10], "rotation": 180, "texture": "#1"},
				"down": {"uv": [3, 9, 4, 10], "rotation": 180, "texture": "#1"}
			}
		},
		{
			"from": [13.6, 12.33477, -1.83925],
			"to": [14.5, 13.23477, -0.93925],
			"rotation": {"angle": 22.5, "axis": "x", "origin": [21.6, 6.13477, -8.93925]},
			"faces": {
				"north": {"uv": [4, 10, 5, 11], "rotation": 180, "texture": "#1"},
				"east": {"uv": [4, 10, 5, 11], "texture": "#1"},
				"south": {"uv": [4, 10, 5, 11], "rotation": 180, "texture": "#1"},
				"west": {"uv": [4, 10, 5, 11], "texture": "#1"},
				"up": {"uv": [4, 10, 5, 11], "rotation": 180, "texture": "#1"},
				"down": {"uv": [4, 10, 5, 11], "rotation": 180, "texture": "#1"}
			}
		},
		{
			"from": [13.6, 13.16626, -1.49483],
			"to": [14.5, 14.06626, -0.59483],
			"rotation": {"angle": 22.5, "axis": "x", "origin": [21.6, 6.96626, -8.59483]},
			"faces": {
				"north": {"uv": [5, 10, 6, 11], "rotation": 180, "texture": "#1"},
				"east": {"uv": [5, 10, 6, 11], "texture": "#1"},
				"south": {"uv": [5, 10, 6, 11], "rotation": 180, "texture": "#1"},
				"west": {"uv": [5, 10, 6, 11], "texture": "#1"},
				"up": {"uv": [5, 10, 6, 11], "rotation": 180, "texture": "#1"},
				"down": {"uv": [5, 10, 6, 11], "rotation": 180, "texture": "#1"}
			}
		},
		{
			"from": [13.6, 11.15886, -1.35217],
			"to": [14.5, 12.05886, -0.45217],
			"rotation": {"angle": 22.5, "axis": "x", "origin": [21.6, 4.95886, -8.45217]},
			"faces": {
				"north": {"uv": [3, 11, 4, 12], "rotation": 180, "texture": "#1"},
				"east": {"uv": [3, 11, 4, 12], "texture": "#1"},
				"south": {"uv": [3, 11, 4, 12], "rotation": 180, "texture": "#1"},
				"west": {"uv": [3, 11, 4, 12], "texture": "#1"},
				"up": {"uv": [3, 11, 4, 12], "rotation": 180, "texture": "#1"},
				"down": {"uv": [3, 11, 4, 12], "rotation": 180, "texture": "#1"}
			}
		},
		{
			"from": [13.6, 9.98295, -0.86509],
			"to": [14.5, 10.88295, 0.03491],
			"rotation": {"angle": 22.5, "axis": "x", "origin": [21.6, 3.78295, -7.96509]},
			"faces": {
				"north": {"uv": [2, 12, 3, 13], "rotation": 180, "texture": "#1"},
				"east": {"uv": [2, 12, 3, 13], "texture": "#1"},
				"south": {"uv": [2, 12, 3, 13], "rotation": 180, "texture": "#1"},
				"west": {"uv": [2, 12, 3, 13], "texture": "#1"},
				"up": {"uv": [2, 12, 3, 13], "rotation": 180, "texture": "#1"},
				"down": {"uv": [2, 12, 3, 13], "rotation": 180, "texture": "#1"}
			}
		},
		{
			"from": [13.6, 11.64594, -0.17626],
			"to": [14.5, 12.54594, 0.72374],
			"rotation": {"angle": 22.5, "axis": "x", "origin": [21.6, 5.44594, -7.27626]},
			"faces": {
				"north": {"uv": [4, 12, 5, 13], "rotation": 180, "texture": "#1"},
				"east": {"uv": [4, 12, 5, 13], "texture": "#1"},
				"south": {"uv": [4, 12, 5, 13], "rotation": 180, "texture": "#1"},
				"west": {"uv": [4, 12, 5, 13], "texture": "#1"},
				"up": {"uv": [4, 12, 5, 13], "rotation": 180, "texture": "#1"},
				"down": {"uv": [4, 12, 5, 13], "rotation": 180, "texture": "#1"}
			}
		},
		{
			"from": [13.6, 10.47003, 0.31081],
			"to": [14.5, 11.37003, 1.21081],
			"rotation": {"angle": 22.5, "axis": "x", "origin": [21.6, 4.27003, -6.78919]},
			"faces": {
				"north": {"uv": [3, 13, 4, 14], "rotation": 180, "texture": "#1"},
				"east": {"uv": [3, 13, 4, 14], "texture": "#1"},
				"south": {"uv": [3, 13, 4, 14], "rotation": 180, "texture": "#1"},
				"west": {"uv": [3, 13, 4, 14], "texture": "#1"},
				"up": {"uv": [3, 13, 4, 14], "rotation": 180, "texture": "#1"},
				"down": {"uv": [3, 13, 4, 14], "rotation": 180, "texture": "#1"}
			}
		},
		{
			"from": [13.6, 9.63854, -0.0336],
			"to": [14.5, 10.53854, 0.8664],
			"rotation": {"angle": 22.5, "axis": "x", "origin": [21.6, 3.43854, -7.1336]},
			"faces": {
				"north": {"uv": [2, 13, 3, 14], "rotation": 180, "texture": "#1"},
				"east": {"uv": [2, 13, 3, 14], "texture": "#1"},
				"south": {"uv": [2, 13, 3, 14], "rotation": 180, "texture": "#1"},
				"west": {"uv": [2, 13, 3, 14], "texture": "#1"},
				"up": {"uv": [2, 13, 3, 14], "rotation": 180, "texture": "#1"},
				"down": {"uv": [2, 13, 3, 14], "rotation": 180, "texture": "#1"}
			}
		},
		{
			"from": [13.6, 10.81445, -0.52068],
			"to": [14.5, 11.71445, 0.37932],
			"rotation": {"angle": 22.5, "axis": "x", "origin": [21.6, 4.61445, -7.62068]},
			"faces": {
				"north": {"uv": [3, 12, 4, 13], "rotation": 180, "texture": "#1"},
				"east": {"uv": [3, 12, 4, 13], "texture": "#1"},
				"south": {"uv": [3, 12, 4, 13], "rotation": 180, "texture": "#1"},
				"west": {"uv": [3, 12, 4, 13], "texture": "#1"},
				"up": {"uv": [3, 12, 4, 13], "rotation": 180, "texture": "#1"},
				"down": {"uv": [3, 12, 4, 13], "rotation": 180, "texture": "#1"}
			}
		},
		{
			"from": [13.6, 11.99035, -1.00775],
			"to": [14.5, 12.89035, -0.10775],
			"rotation": {"angle": 22.5, "axis": "x", "origin": [21.6, 5.79035, -8.10775]},
			"faces": {
				"north": {"uv": [4, 11, 5, 12], "rotation": 180, "texture": "#1"},
				"east": {"uv": [4, 11, 5, 12], "texture": "#1"},
				"south": {"uv": [4, 11, 5, 12], "rotation": 180, "texture": "#1"},
				"west": {"uv": [4, 11, 5, 12], "texture": "#1"},
				"up": {"uv": [4, 11, 5, 12], "rotation": 180, "texture": "#1"},
				"down": {"uv": [4, 11, 5, 12], "rotation": 180, "texture": "#1"}
			}
		},
		{
			"from": [13.6, 8.46263, 0.45347],
			"to": [14.5, 9.36263, 1.35347],
			"rotation": {"angle": 22.5, "axis": "x", "origin": [21.6, 2.26263, -6.64653]},
			"faces": {
				"north": {"uv": [1, 14, 2, 15], "rotation": 180, "texture": "#1"},
				"east": {"uv": [1, 14, 2, 15], "texture": "#1"},
				"south": {"uv": [1, 14, 2, 15], "rotation": 180, "texture": "#1"},
				"west": {"uv": [1, 14, 2, 15], "texture": "#1"},
				"up": {"uv": [1, 14, 2, 15], "rotation": 180, "texture": "#1"},
				"down": {"uv": [1, 14, 2, 15], "rotation": 180, "texture": "#1"}
			}
		},
		{
			"from": [13.6, 9.29412, 0.79789],
			"to": [14.5, 10.19412, 1.69789],
			"rotation": {"angle": 22.5, "axis": "x", "origin": [21.6, 3.09412, -6.30211]},
			"faces": {
				"north": {"uv": [2, 14, 3, 15], "rotation": 180, "texture": "#1"},
				"east": {"uv": [2, 14, 3, 15], "texture": "#1"},
				"south": {"uv": [2, 14, 3, 15], "rotation": 180, "texture": "#1"},
				"west": {"uv": [2, 14, 3, 15], "texture": "#1"},
				"up": {"uv": [2, 14, 3, 15], "rotation": 180, "texture": "#1"},
				"down": {"uv": [2, 14, 3, 15], "rotation": 180, "texture": "#1"}
			}
		},
		{
			"from": [13.6, 8.94971, 1.62938],
			"to": [14.5, 9.84971, 2.52938],
			"rotation": {"angle": 22.5, "axis": "x", "origin": [21.6, 2.74971, -5.47062]},
			"faces": {
				"north": {"uv": [2, 15, 3, 16], "rotation": 180, "texture": "#1"},
				"east": {"uv": [2, 15, 3, 16], "texture": "#1"},
				"south": {"uv": [2, 15, 3, 16], "rotation": 180, "texture": "#1"},
				"west": {"uv": [2, 15, 3, 16], "texture": "#1"},
				"up": {"uv": [2, 15, 3, 16], "rotation": 180, "texture": "#1"},
				"down": {"uv": [2, 15, 3, 16], "rotation": 180, "texture": "#1"}
			}
		},
		{
			"from": [13.6, 8.11822, 1.28497],
			"to": [14.5, 9.01822, 2.18497],
			"rotation": {"angle": 22.5, "axis": "x", "origin": [21.6, 1.91822, -5.81503]},
			"faces": {
				"north": {"uv": [1, 15, 2, 16], "rotation": 180, "texture": "#1"},
				"east": {"uv": [1, 15, 2, 16], "texture": "#1"},
				"south": {"uv": [1, 15, 2, 16], "rotation": 180, "texture": "#1"},
				"west": {"uv": [1, 15, 2, 16], "texture": "#1"},
				"up": {"uv": [1, 15, 2, 16], "rotation": 180, "texture": "#1"},
				"down": {"uv": [1, 15, 2, 16], "rotation": 180, "texture": "#1"}
			}
		},
		{
			"from": [13.6, 7.28673, 0.94055],
			"to": [14.5, 8.18673, 1.84055],
			"rotation": {"angle": 22.5, "axis": "x", "origin": [21.6, 1.08673, -6.15945]},
			"faces": {
				"north": {"uv": [0, 15, 1, 16], "rotation": 180, "texture": "#1"},
				"east": {"uv": [0, 15, 1, 16], "texture": "#1"},
				"south": {"uv": [0, 15, 1, 16], "rotation": 180, "texture": "#1"},
				"west": {"uv": [0, 15, 1, 16], "texture": "#1"},
				"up": {"uv": [0, 15, 1, 16], "rotation": 180, "texture": "#1"},
				"down": {"uv": [0, 15, 1, 16], "rotation": 180, "texture": "#1"}
			}
		},
		{
			"from": [13.6, 7.63114, 0.10906],
			"to": [14.5, 8.53114, 1.00906],
			"rotation": {"angle": 22.5, "axis": "x", "origin": [21.6, 1.43114, -6.99094]},
			"faces": {
				"north": {"uv": [0, 14, 1, 15], "rotation": 180, "texture": "#1"},
				"east": {"uv": [0, 14, 1, 15], "texture": "#1"},
				"south": {"uv": [0, 14, 1, 15], "rotation": 180, "texture": "#1"},
				"west": {"uv": [0, 14, 1, 15], "texture": "#1"},
				"up": {"uv": [0, 14, 1, 15], "rotation": 180, "texture": "#1"},
				"down": {"uv": [0, 14, 1, 15], "rotation": 180, "texture": "#1"}
			}
		},
		{
			"from": [13.6, 7.97556, -0.72243],
			"to": [14.5, 8.87556, 0.17757],
			"rotation": {"angle": 22.5, "axis": "x", "origin": [21.6, 1.77556, -7.82243]},
			"faces": {
				"north": {"uv": [0, 13, 1, 14], "rotation": 180, "texture": "#1"},
				"east": {"uv": [0, 13, 1, 14], "texture": "#1"},
				"south": {"uv": [0, 13, 1, 14], "rotation": 180, "texture": "#1"},
				"west": {"uv": [0, 13, 1, 14], "texture": "#1"},
				"up": {"uv": [0, 13, 1, 14], "rotation": 180, "texture": "#1"},
				"down": {"uv": [0, 13, 1, 14], "rotation": 180, "texture": "#1"}
			}
		},
		{
			"from": [13.6, 8.80705, -0.37802],
			"to": [14.5, 9.70705, 0.52198],
			"rotation": {"angle": 22.5, "axis": "x", "origin": [21.6, 2.60705, -7.47802]},
			"faces": {
				"north": {"uv": [1, 13, 2, 14], "rotation": 180, "texture": "#1"},
				"east": {"uv": [1, 13, 2, 14], "texture": "#1"},
				"south": {"uv": [1, 13, 2, 14], "rotation": 180, "texture": "#1"},
				"west": {"uv": [1, 13, 2, 14], "texture": "#1"},
				"up": {"uv": [1, 13, 2, 14], "rotation": 180, "texture": "#1"},
				"down": {"uv": [1, 13, 2, 14], "rotation": 180, "texture": "#1"}
			}
		}
	],
	"display": {
		"thirdperson_righthand": {
			"rotation": [50, 50, 0],
			"translation": [0, 3.5, 3.5],
			"scale": [0.3, 0.3, 0.3]
		},
		"thirdperson_lefthand": {
			"rotation": [50, 50, 0],
			"translation": [0, 3.5, 3.5],
			"scale": [0.3, 0.3, 0.3]
		},
		"firstperson_righthand": {
			"rotation": [10, 115, -10],
			"translation": [2, 5, 0],
			"scale": [0.3, 0.3, 0.3]
		},
		"firstperson_lefthand": {
			"rotation": [10, 115, -10],
			"translation": [2, 5, 0],
			"scale": [0.3, 0.3, 0.3]
		},
		"ground": {
			"translation": [0, 6, 0],
			"scale": [0.3, 0.3, 0.3]
		},
		"gui": {
			"rotation": [20, 135, 0],
			"translation": [0, 2.5, 0],
			"scale": [0.43, 0.43, 0.43]
		},
		"head": {
			"translation": [0, 17.9, 0],
			"scale": [0.5, 0.5, 0.5]
		},
		"fixed": {
			"rotation": [-90, 0, 0],
			"translation": [0, -2, -23]
		}
	},
	"groups": [
		{
			"name": "body",
			"shade": false,
			"origin": [0, 24, 0],
			"children": [0, 1, 2]
		},
		{
			"name": "jacket",
			"shade": false,
			"origin": [0, 24, 0],
			"children": []
		},
		{
			"name": "head",
			"shade": false,
			"origin": [0, 24, 0],
			"children": [3, 4]
		},
		{
			"name": "hat",
			"shade": false,
			"origin": [0, 24, 0],
			"children": []
		},
		{
			"name": "rightArm",
			"shade": false,
			"origin": [-5, 22, 0],
			"children": []
		},
		{
			"name": "leftArm",
			"shade": false,
			"origin": [5, 22, 0],
			"children": [5, 6]
		},
		{
			"name": "rightSleeve",
			"shade": false,
			"origin": [-5, 22, 0],
			"children": []
		},
		{
			"name": "leftSleeve",
			"shade": false,
			"origin": [5, 22, 0],
			"children": []
		},
		{
			"name": "rightLeg",
			"shade": false,
			"origin": [-1.9, 12, 0],
			"children": []
		},
		{
			"name": "leftLeg",
			"shade": false,
			"origin": [1.9, 12, 0],
			"children": [7, 8, 9, 10, 11]
		},
		{
			"name": "rightPants",
			"shade": false,
			"origin": [-1.9, 12, 0],
			"children": []
		},
		{
			"name": "leftPants",
			"shade": false,
			"origin": [1.9, 12, 0],
			"children": []
		},
		{
			"name": "group",
			"origin": [8, 8, 8],
			"children": [12, 13, 14, 15, 16, 17, 18, 19, 20, 21, 22, 23, 24, 25, 26, 27, 28, 29, 30, 31, 32, 33, 34, 35, 36, 37, 38, 39, 40, 41, 42, 43, 44, 45, 46, 47, 48, 49, 50, 51, 52, 53, 54, 55, 56, 57, 58, 59, 60, 61, 62, 63, 64, 65, 66, 67, 68, 69, 70, 71, 72, 73, 74, 75, 76, 77, 78, 79, 80, 81, 82, 83, 84, 85, 86, 87, 88, 89, 90, 91, 92, 93, 94, 95]
		}
	]
}